Pose Mode,Method,Source Type,Cells,Static PSNR Mean dB,Static SSIM Mean,Proxy Completeness Mean,Proxy Ghost Risk Mean,Native Mapping Evidence,Protocol Match,Paired Comparison Context,Failure Cell Context,Claim Boundary
online,Semantic,local-rerun-diagnostic,12,18.866,0.695,0.582,0.181,DYN-19 held-out static-region render metrics,local DYN-19 cell,Reference configuration.,Reference configuration.,"Held-out static-region image-fidelity diagnostic. Completeness and ghost risk are proxies, not independent truth."
online,MapMatched,local-rerun-diagnostic,12,18.990,0.700,0.579,0.184,DYN-19 held-out static-region render metrics,local DYN-19 cell,vs Semantic mean gain 0.124 dB; paired median gain -0.049 dB; W/T/L 6/0/6,tum_sitting_halfsphere/seed1: 14.275 -> 14.009 dB,"Held-out static-region image-fidelity diagnostic. Completeness and ghost risk are proxies, not independent truth."
online,Full: T+F+R+A+M,local-rerun-diagnostic,12,19.763,0.728,0.582,0.188,DYN-19 held-out static-region render metrics,local DYN-19 cell,vs Semantic mean gain 0.896 dB; paired median gain 0.544 dB; W/T/L 9/0/3; vs MapMatched mean gain 0.773 dB; paired median gain 0.515 dB; W/T/L 11/0/1,tum_sitting_halfsphere/seed1: 14.275 -> 16.551 dB; MapMatched failure: tum_sitting_halfsphere/seed1: 14.009 -> 16.551 dB,"Held-out static-region image-fidelity diagnostic. Completeness and ghost risk are proxies, not independent truth."
gt_aligned,Semantic,local-rerun-diagnostic,12,12.082,0.492,0.402,0.351,DYN-19 held-out static-region render metrics,local DYN-19 cell,Reference configuration.,Reference configuration.,"Held-out static-region image-fidelity diagnostic. Completeness and ghost risk are proxies, not independent truth."
gt_aligned,MapMatched,local-rerun-diagnostic,12,12.442,0.503,0.428,0.329,DYN-19 held-out static-region render metrics,local DYN-19 cell,vs Semantic mean gain 0.360 dB; paired median gain 0.235 dB; W/T/L 9/0/3,tum_sitting_halfsphere/seed1: 8.383 -> 8.494 dB,"Held-out static-region image-fidelity diagnostic. Completeness and ghost risk are proxies, not independent truth."
gt_aligned,Full: T+F+R+A+M,local-rerun-diagnostic,12,13.491,0.533,0.440,0.312,DYN-19 held-out static-region render metrics,local DYN-19 cell,vs Semantic mean gain 1.409 dB; paired median gain 0.547 dB; W/T/L 9/0/3; vs MapMatched mean gain 1.049 dB; paired median gain 0.033 dB; W/T/L 7/0/5,tum_sitting_halfsphere/seed1: 8.383 -> 15.298 dB; MapMatched failure: tum_sitting_halfsphere/seed1: 8.494 -> 15.298 dB,"Held-out static-region image-fidelity diagnostic. Completeness and ghost risk are proxies, not independent truth."
native external protocol,DG-SLAM,external-report,,,,,,xu2024dgslam Table 1; BONN RGB-D; mesh accuracy cm; mesh completion cm; completion ratio within 5 cm: 8.06;15.46;43.67% (reported averages),false,Not pooled with DYN-19 image-fidelity cells.,Not available under a shared DYN-19 view protocol.,different metric and protocol from DYN-19 rendering diagnostic
native external protocol,DynaSLAM,external-report,,,,,,bescos2018dynaslam Figures 1 and 5; TUM RGB-D; qualitative only: no numeric mapping-quality metric reported,false,Not pooled with DYN-19 image-fidelity cells.,Not available under a shared DYN-19 view protocol.,no quantitative mapping ranking
native external protocol,DyPho-SLAM,external-report,,,,,,liu2025dyphoslam Figure 4; TUM RGB-D and BONN RGB-D; qualitative only: no PSNR SSIM or LPIPS mapping table reported,false,Not pooled with DYN-19 image-fidelity cells.,Not available under a shared DYN-19 view protocol.,no quantitative mapping ranking
