phase,config,config_label,sequence,seed,certificate_status,recovered_support_observed,mapping_support_present_for_recovered_frames,recovered_support_frames,tracking_recovery_audit_pixels,tracking_recovery_mapping_leak_pixels,benchmark_plan_sha256,manifest_sha256,run_summary_sha256,frame_metrics_sha256,source_commit,release_id
main,dyn19_full,T+F+R+A+M (Full),bonn_balloon,0,pass,true,true,15,502175,0,4a4df6245eb6249c43d88d0cd14f2e8aa8b409bc602fb4c10e7c72c2360e494e,566a544408da0690e12d8b26f4642666712f1fe50b102659410386393ea6b280,1f83c8512abb25311e560be11a9a865b1dbb2c88c4bb465ad6cdcecbacb91163,d82ccf0a4586ad5d0bad7f4a2aea1a11b8d34afd7dfa14996d1bd67786e91d2b,14c6b2ca696a7eacda8f193e5c8a0a44e55d527e,DYN19_RESULTS_20260914_R1
main,dyn19_full,T+F+R+A+M (Full),bonn_balloon,1,pass,true,true,15,513478,0,4a4df6245eb6249c43d88d0cd14f2e8aa8b409bc602fb4c10e7c72c2360e494e,b715b61479daf5fa0d0cdc048678535faaad74cf548504cd9c0aaef132205bd1,29e52b7f42c731d8a9780401e5c57e6c60bcd8f6dd530bd9cefea75c94198f06,7112708789aa19687204588ff989e4c3247f6dfe093c77d29f49dcc2791b7656,14c6b2ca696a7eacda8f193e5c8a0a44e55d527e,DYN19_RESULTS_20260914_R1
main,dyn19_full,T+F+R+A+M (Full),bonn_balloon,2,pass,true,true,15,516473,0,4a4df6245eb6249c43d88d0cd14f2e8aa8b409bc602fb4c10e7c72c2360e494e,7f6d51f24445f61efe062458c8c4ede0ff6a89e32b7e11de7a81bdc19b8eb2aa,2b9be18a56fd5a4d976ff06055b1141df5cb3c03dd1a0d8d291428b215a904ea,82ba7bb8ba347ecbf2bf100f4c2e1dea31cb428100e56227943f98f9deb1cdea,14c6b2ca696a7eacda8f193e5c8a0a44e55d527e,DYN19_RESULTS_20260914_R1
main,dyn19_full,T+F+R+A+M (Full),bonn_crowd,0,pass,true,true,61,1820559,0,4a4df6245eb6249c43d88d0cd14f2e8aa8b409bc602fb4c10e7c72c2360e494e,fe060e25bf2f12ab9ef28e725812756d4e64056554fa135c711138a82023417e,b7137a9ab7fae783f483a9a480922f4236e11553cea34482409fe89fd0504d45,c61071119caccdf129321bf3da9b0e5a744de03ef36ce688fa9425264ab71dd2,14c6b2ca696a7eacda8f193e5c8a0a44e55d527e,DYN19_RESULTS_20260914_R1
main,dyn19_full,T+F+R+A+M (Full),bonn_crowd,1,pass,true,true,73,1943940,0,4a4df6245eb6249c43d88d0cd14f2e8aa8b409bc602fb4c10e7c72c2360e494e,427ac2aca75a314d9833715c7d7d55072b5d7f4b3bd7a48c2117d94de6f795a2,d499717990871b2a0ce50b84d971917671daed72dd61765ce9306b5ab2f429b7,72ee0bf4502ed5f345e7e0cc9f0bbf6fc9bf3973d9c4b6d4a18ad555738920d3,14c6b2ca696a7eacda8f193e5c8a0a44e55d527e,DYN19_RESULTS_20260914_R1
main,dyn19_full,T+F+R+A+M (Full),bonn_crowd,2,pass,true,true,65,1837460,0,4a4df6245eb6249c43d88d0cd14f2e8aa8b409bc602fb4c10e7c72c2360e494e,dc8592b752b8a7caf3b5a472e9f5de293e3c2eeda5cd3b8e82a9ae718f786a06,faa39d3a3403066713dd66daff7a93091cd57ab8d31a1da61dd9e6fbf49cacf3,97cfedf8139b14bc21427ceb4abacd36635a0e26cc8a38f7142f560042b8855d,14c6b2ca696a7eacda8f193e5c8a0a44e55d527e,DYN19_RESULTS_20260914_R1
main,dyn19_full,T+F+R+A+M (Full),bonn_crowd2,0,pass,true,true,72,767975,0,4a4df6245eb6249c43d88d0cd14f2e8aa8b409bc602fb4c10e7c72c2360e494e,3edddc3654e2a0ac1781df5304e646a323861342d5378ee15082b7132da5fb46,514728b83a6041f855fa4d7c97dfeb0148e2e1d3224e690e73e4bd7aeb457612,a96f4994d13b5158808e867a46a527f4450bce41d5237141cdefdd2bd3fdb016,14c6b2ca696a7eacda8f193e5c8a0a44e55d527e,DYN19_RESULTS_20260914_R1
main,dyn19_full,T+F+R+A+M (Full),bonn_crowd2,1,pass,true,true,56,632858,0,4a4df6245eb6249c43d88d0cd14f2e8aa8b409bc602fb4c10e7c72c2360e494e,8c9bfc98a344bb3af12aa5b1dde9c3ad86f8216cf95eb7960dbfa6237667a483,5dda6e0740514ad86d70ff53adb963fe338977946b1b0c90e7f8aa3bf7303aea,e42314aefe65922750e5065c7c61acec6a4bdf6bce78696b79731a0200435ddd,14c6b2ca696a7eacda8f193e5c8a0a44e55d527e,DYN19_RESULTS_20260914_R1
main,dyn19_full,T+F+R+A+M (Full),bonn_crowd2,2,pass,true,true,54,573906,0,4a4df6245eb6249c43d88d0cd14f2e8aa8b409bc602fb4c10e7c72c2360e494e,6d30dbe51713b6a6ed2293d654dd37cdf6d54db03f56f71fab022429e625f8e8,40c145f825bd39104ef1d3fb8c7556b96c2b526382375af4dc4fa2fbb73a1656,3af5278d02f60369a0b1b808dd7eab4729cf52b4af94b0804fa2eba21b3b97df,14c6b2ca696a7eacda8f193e5c8a0a44e55d527e,DYN19_RESULTS_20260914_R1
main,dyn19_full,T+F+R+A+M (Full),bonn_crowd3,0,pass,true,true,120,1977225,0,4a4df6245eb6249c43d88d0cd14f2e8aa8b409bc602fb4c10e7c72c2360e494e,78c78701dcb59a5f125a2666abf68186a11597da9acb97dc3cf5682180b8f0aa,c53dca0728177afaf83e026607a3bee389ec00be3848af5af45848cfcd7bfe03,f08b6496b9c79bc98dd9a9adbc091c4604f8c45f1680cf2a55873cf4cb5f1eb8,14c6b2ca696a7eacda8f193e5c8a0a44e55d527e,DYN19_RESULTS_20260914_R1
main,dyn19_full,T+F+R+A+M (Full),bonn_crowd3,1,pass,true,true,106,1765673,0,4a4df6245eb6249c43d88d0cd14f2e8aa8b409bc602fb4c10e7c72c2360e494e,e5e3d97761bfbd8ea32d3786e3f59bf44c434a741cf07829ce4ebb9fa2a89d51,526404e6185bb95a0cb0ef13584fb71dbe1c4f9336a201d3e6f7c6a5fbe52603,fabd336bca30410ef967e27e6eb148e0ba4d4034eab283d9a8b3f383156d0440,14c6b2ca696a7eacda8f193e5c8a0a44e55d527e,DYN19_RESULTS_20260914_R1
main,dyn19_full,T+F+R+A+M (Full),bonn_crowd3,2,pass,true,true,111,1898181,0,4a4df6245eb6249c43d88d0cd14f2e8aa8b409bc602fb4c10e7c72c2360e494e,350a93a8000df941669fac44999cb3f77f9af40e22249590f3e987bfe4d8dfe1,3be7d14e49a1637f2461281d461a51e24b6449991126260fd7caf1e4aad1f32e,b1b7c891c568ee0ba5612d984a6693031a137757dd86c662b8bbdb0f23cb6cc2,14c6b2ca696a7eacda8f193e5c8a0a44e55d527e,DYN19_RESULTS_20260914_R1
main,dyn19_full,T+F+R+A+M (Full),bonn_person_tracking,0,pass,true,true,19,155303,0,4a4df6245eb6249c43d88d0cd14f2e8aa8b409bc602fb4c10e7c72c2360e494e,8cb1ae485d3bd908e493d09adb6a989086cc567c6fac42ace083e804783da36e,d8d4850fcff1a3380f0a6629fd9b18a566772b1c874b9b6cdcf33bf08ddf6816,804f12ea50518715525f7d62876136bc1015e38e056d118d953c35aac0f4aca4,14c6b2ca696a7eacda8f193e5c8a0a44e55d527e,DYN19_RESULTS_20260914_R1
main,dyn19_full,T+F+R+A+M (Full),bonn_person_tracking,1,pass,true,true,19,170805,0,4a4df6245eb6249c43d88d0cd14f2e8aa8b409bc602fb4c10e7c72c2360e494e,2277adf05cc9591c14748cdf675f2e7fbf163e46e5c65c14b4e9a3a3fd36af7d,72c5bb069fe9fd89709ce2a6f061c9427780994306716b31fe034cec19000aca,53d1f7f2029f0b2854970d14f610200296798c131ff76472c3245114ca4d69d6,14c6b2ca696a7eacda8f193e5c8a0a44e55d527e,DYN19_RESULTS_20260914_R1
main,dyn19_full,T+F+R+A+M (Full),bonn_person_tracking,2,pass,true,true,19,272737,0,4a4df6245eb6249c43d88d0cd14f2e8aa8b409bc602fb4c10e7c72c2360e494e,ee837614b2c0487bca0f62181bbf840308702a9a84ff78f5d2bbd77bac29968a,661a53220d3dae28127438097de79ab02b70a213bfdfbac20b6d64afadbecfb4,8d8ef16dcccc6c6a0828230ce9977f70d43c47d4192f374d3d196c91c0fc801f,14c6b2ca696a7eacda8f193e5c8a0a44e55d527e,DYN19_RESULTS_20260914_R1
main,dyn19_full,T+F+R+A+M (Full),bonn_person_tracking2,0,pass,true,true,10,328187,0,4a4df6245eb6249c43d88d0cd14f2e8aa8b409bc602fb4c10e7c72c2360e494e,59c7bdb8b1e1873511448652e540d0ea618905349fabc3bcaf40599031782901,3d74d6ae48c5ac2b3f564a4c01d0c85c8f05351a9a01fccf51c6c2bf80ce0c3f,cb8780b7bd1d5820419e246ec91e9ea9f4723d430bb526b76e87a0f112898554,14c6b2ca696a7eacda8f193e5c8a0a44e55d527e,DYN19_RESULTS_20260914_R1
main,dyn19_full,T+F+R+A+M (Full),bonn_person_tracking2,1,pass,true,true,5,78557,0,4a4df6245eb6249c43d88d0cd14f2e8aa8b409bc602fb4c10e7c72c2360e494e,2cd4c656ddd8c59c59abddffabf4203a81442c9052e717df4d94d1f53a519fea,6675087b47b043cadfd74382860566b11911d2d510ae1b40013ad5cf2784b5d6,35ea424a6647cf22aa90d7af329dee99447be334b2d2b9d81eaa221e6b4d091f,14c6b2ca696a7eacda8f193e5c8a0a44e55d527e,DYN19_RESULTS_20260914_R1
main,dyn19_full,T+F+R+A+M (Full),bonn_person_tracking2,2,pass,true,true,5,89079,0,4a4df6245eb6249c43d88d0cd14f2e8aa8b409bc602fb4c10e7c72c2360e494e,405d99a8995b5e2bf7aa32366860741c55cd78a739dacd9d1ea1b5774ba58324,390dd897c70fe5cc9d9b047ae9a93ece45a378de5ee5947262ac9a32bba04188,c6122af47262b1f9c435d2a1ec7770b879229a22a431d666402610dcc5da85c4,14c6b2ca696a7eacda8f193e5c8a0a44e55d527e,DYN19_RESULTS_20260914_R1
main,dyn19_full,T+F+R+A+M (Full),tum_sitting_halfsphere,0,pass,true,true,567,11918366,0,4a4df6245eb6249c43d88d0cd14f2e8aa8b409bc602fb4c10e7c72c2360e494e,9648e0ee8739606b88261b4f8657a3d419e203f16ecfc13236efa67a082e0dae,500b125c2afefd5150fbe44f685197586e2842e0747fce93fdd9d7ffcdeb60c8,55d06a5bdc6e3ad19c8619043ceef6c9bad24eb7cd400fd7929b5c73a1fe4eff,14c6b2ca696a7eacda8f193e5c8a0a44e55d527e,DYN19_RESULTS_20260914_R1
main,dyn19_full,T+F+R+A+M (Full),tum_sitting_halfsphere,1,pass,true,true,556,11781378,0,4a4df6245eb6249c43d88d0cd14f2e8aa8b409bc602fb4c10e7c72c2360e494e,9920ea00f0b24b4fa765fe964d3e127a386579117de5dacdd788b9ad6322f209,3f2989e5572af92bf1ef10668f28f2ab4214672883432500619e2101d4515768,0ab732da79b8ededbc451e8fa5d3a007a10062094290a50e9830253cf141faad,14c6b2ca696a7eacda8f193e5c8a0a44e55d527e,DYN19_RESULTS_20260914_R1
main,dyn19_full,T+F+R+A+M (Full),tum_sitting_halfsphere,2,pass,true,true,608,12685227,0,4a4df6245eb6249c43d88d0cd14f2e8aa8b409bc602fb4c10e7c72c2360e494e,57f5eb694241c104fdf4f87b06271c0284b9c5dcedff91030566ebcf20171632,3fe6a3ce14642c465c516bb609df321ea2b5610fb5be80c54f11cb6fe12bdb56,feedefd044fea67e077d55962d10cbd2fba42bcf3d0f19c655c8cdc62d723439,14c6b2ca696a7eacda8f193e5c8a0a44e55d527e,DYN19_RESULTS_20260914_R1
main,dyn19_full,T+F+R+A+M (Full),tum_walking_halfsphere,0,pass,true,true,94,578452,0,4a4df6245eb6249c43d88d0cd14f2e8aa8b409bc602fb4c10e7c72c2360e494e,28450ea5654735a03e7f57413609f611476a7daf532d16e841f38cd0d279f278,efdd2cc0ae61b66effdb9b5519a1ff72fad048d26e18305eff78d9cf1a873e91,a7c47271ac20d236b5519a32f8d52f101c37ed59d48393b787b01e16eb7de816,14c6b2ca696a7eacda8f193e5c8a0a44e55d527e,DYN19_RESULTS_20260914_R1
main,dyn19_full,T+F+R+A+M (Full),tum_walking_halfsphere,1,pass,true,true,81,423612,0,4a4df6245eb6249c43d88d0cd14f2e8aa8b409bc602fb4c10e7c72c2360e494e,cd2338bd47287e99c29cbb1324bedd458c1d4e0bb75c9b17c0aa7de11df33ce8,c6e8e0e2ef39382a2637476a84e49fcf423fa99a340fa333018b96340b074be4,51e8026d9e04daffcda96b242fedde391e3f4b17132324ca95609a441a3cfa51,14c6b2ca696a7eacda8f193e5c8a0a44e55d527e,DYN19_RESULTS_20260914_R1
main,dyn19_full,T+F+R+A+M (Full),tum_walking_halfsphere,2,pass,true,true,97,578388,0,4a4df6245eb6249c43d88d0cd14f2e8aa8b409bc602fb4c10e7c72c2360e494e,81805f307dd7f18201b1c252b9818bb2d1d5cf4c0ce908b9ddfd884e6fe1c05f,035f0efdc46bf9c787c9130bf0831c8b7d011f613d53ffc0fb49d8d793a10a88,d5057dc4a58c44c15607fd833e11b4bf58ccc743e002c9f142c310171d428ca4,14c6b2ca696a7eacda8f193e5c8a0a44e55d527e,DYN19_RESULTS_20260914_R1
main,dyn19_full,T+F+R+A+M (Full),tum_walking_static,0,pass,true,true,282,8626431,0,4a4df6245eb6249c43d88d0cd14f2e8aa8b409bc602fb4c10e7c72c2360e494e,541d12e2415f4bed910e0a80ae1e57703709a23a96b27a05fed6c00803724146,c97eee2729cab5063e7d43f8c50ecf8f71f436b21a09e757b5ee228968fcb78b,d7c2d24c83bc3e1697f411c5ad8669c83fbe5615deec183d01d8a845f30748b7,14c6b2ca696a7eacda8f193e5c8a0a44e55d527e,DYN19_RESULTS_20260914_R1
main,dyn19_full,T+F+R+A+M (Full),tum_walking_static,1,pass,true,true,260,7810261,0,4a4df6245eb6249c43d88d0cd14f2e8aa8b409bc602fb4c10e7c72c2360e494e,bb7d771bb306efc2c6793f39e2c9d5acd259e963fb6bc8b5be751e7208a65942,99e9fba74579891bcd6db4054abe3d45935c08b315bd42dd6028578747242aaf,1a15ffb47df8e3445af7f4b1623929a1353cc0048b673f1e141349d8d3064ed1,14c6b2ca696a7eacda8f193e5c8a0a44e55d527e,DYN19_RESULTS_20260914_R1
main,dyn19_full,T+F+R+A+M (Full),tum_walking_static,2,pass,true,true,267,7844792,0,4a4df6245eb6249c43d88d0cd14f2e8aa8b409bc602fb4c10e7c72c2360e494e,c7bc240283d4e204104e0c733e364d542a49ddbdb5d2be360b712d58f5192453,ebeca06ab88128d2491088776fcda5ed79932dfc7c9b8457b14025c9f1ad373d,db8c76af1266ae7eb4304b03b5353c01e0fb7f1c31632ffd03301d08e8a135db,14c6b2ca696a7eacda8f193e5c8a0a44e55d527e,DYN19_RESULTS_20260914_R1
main,dyn19_full,T+F+R+A+M (Full),tum_walking_xyz,0,pass,true,true,30,536222,0,4a4df6245eb6249c43d88d0cd14f2e8aa8b409bc602fb4c10e7c72c2360e494e,a17126bf2ef46f1fc373e965310166a7a44b378d73269a8a702d73c5beb7ea9c,877c8ef5a0ddaa9055a96321d1a8f4a620e2516e4047372bd84a971d3573c10e,3a744d3a14da1ac01512b2549052af85e964cc5efd8c0a48e504691c7d793852,14c6b2ca696a7eacda8f193e5c8a0a44e55d527e,DYN19_RESULTS_20260914_R1
main,dyn19_full,T+F+R+A+M (Full),tum_walking_xyz,1,pass,true,true,34,339175,0,4a4df6245eb6249c43d88d0cd14f2e8aa8b409bc602fb4c10e7c72c2360e494e,1b7bf6397801da3ef2ed5941ee20ef798ec8828328f4131543f1c0e5aedf053e,f426400976dbb1d98df2048650af06c91b7db50f6d40fa5e5c205a142bb87f8d,6396ca1bbf8501e72e13413fd283a964fc119debad0bf443bd3ed052a84c453a,14c6b2ca696a7eacda8f193e5c8a0a44e55d527e,DYN19_RESULTS_20260914_R1
main,dyn19_full,T+F+R+A+M (Full),tum_walking_xyz,2,pass,true,true,35,531601,0,4a4df6245eb6249c43d88d0cd14f2e8aa8b409bc602fb4c10e7c72c2360e494e,ffba9942634b6552ea304d4267c7cb57d0e69b9d1eb75ad8fe53d8f0c0fd093a,09d4517362228f45bcb272026e6c913ea2cf99ce0b51e71c32213ab2218eaeed,4436c1f966faae673963cce4694f18c52ecad52dea3be2625b0bbbf3c11ff6b4,14c6b2ca696a7eacda8f193e5c8a0a44e55d527e,DYN19_RESULTS_20260914_R1
main,dyn19_mapmatched,MapMatched,bonn_balloon,0,vacuous,false,false,0,0,0,4a4df6245eb6249c43d88d0cd14f2e8aa8b409bc602fb4c10e7c72c2360e494e,9d3a5ac2c785712a621a3957fead5502c0375a4537764e9fb2833ab3a79db8b8,5b543bb8ec82e23c175c0126e14b09cdf3dba462b78ae5e2290f11c5ed435356,4ab74895b3b5acb742b3bb9da1e182da54f5fa7575599ea4e775582d18828954,14c6b2ca696a7eacda8f193e5c8a0a44e55d527e,DYN19_RESULTS_20260914_R1
main,dyn19_mapmatched,MapMatched,bonn_balloon,1,vacuous,false,false,0,0,0,4a4df6245eb6249c43d88d0cd14f2e8aa8b409bc602fb4c10e7c72c2360e494e,5e49b9e3d368a75f87887609bc6391287ca0542da65b7594e319df3a40c46895,97d04aa1d0743eb706a54c43927d00b88fc55be57888d8da652d4433c7917e94,6365afa101bfdce628cce0fd013fc729285cf057462320800635a2051e71c13d,14c6b2ca696a7eacda8f193e5c8a0a44e55d527e,DYN19_RESULTS_20260914_R1
main,dyn19_mapmatched,MapMatched,bonn_balloon,2,vacuous,false,false,0,0,0,4a4df6245eb6249c43d88d0cd14f2e8aa8b409bc602fb4c10e7c72c2360e494e,45d04dfe3d80f271881279ef326cfbe8fbebab7308bfe0d179908107585e1559,08965a70981367eeff0d9e49026648072e640b5c8662ee7398acb68446400c1f,410732b76c29ce3b0801d9af41f456728240ab4afcf7d9a4434107fdada1c71f,14c6b2ca696a7eacda8f193e5c8a0a44e55d527e,DYN19_RESULTS_20260914_R1
main,dyn19_mapmatched,MapMatched,bonn_crowd,0,vacuous,false,false,0,0,0,4a4df6245eb6249c43d88d0cd14f2e8aa8b409bc602fb4c10e7c72c2360e494e,87fa077394ba57e1015b93ccc5607e0bbe930114cf048dbaad9d9cb2d45ff27e,512c9acdfd2039696355fb00e18b60debc8ffd49d92161122d7a7f2fd37ee315,c36db7569d358aacc0758879e93e9b5c8371582874294762562a7a1e9ae7e8a1,14c6b2ca696a7eacda8f193e5c8a0a44e55d527e,DYN19_RESULTS_20260914_R1
main,dyn19_mapmatched,MapMatched,bonn_crowd,1,vacuous,false,false,0,0,0,4a4df6245eb6249c43d88d0cd14f2e8aa8b409bc602fb4c10e7c72c2360e494e,38c52794c45f6baf0254741e44253c7d4ab681157a63ca1c0b7eeeb67244cfb0,9e17979093f1c028ed9314cac5547b815075a3ccc5a60aa319274c65efec2b5c,550f423c632ccae321cff076362684461ce4eefee168b428701074ee2ab0e1bb,14c6b2ca696a7eacda8f193e5c8a0a44e55d527e,DYN19_RESULTS_20260914_R1
main,dyn19_mapmatched,MapMatched,bonn_crowd,2,vacuous,false,false,0,0,0,4a4df6245eb6249c43d88d0cd14f2e8aa8b409bc602fb4c10e7c72c2360e494e,a991ec2b4afeeb4ee0981a0f35a5c6c2c7c20a1aebb6888d4c25c67ddb23f251,793f20c862f040e66cb2f0fc148430e60b39d7d40d9a13f8391d23665ec10342,470b63b62e4985856d1c9891792ccd02b5a215064c5d4d9e80bc17b4c665829b,14c6b2ca696a7eacda8f193e5c8a0a44e55d527e,DYN19_RESULTS_20260914_R1
main,dyn19_mapmatched,MapMatched,bonn_crowd2,0,vacuous,false,false,0,0,0,4a4df6245eb6249c43d88d0cd14f2e8aa8b409bc602fb4c10e7c72c2360e494e,dbf9d3a9223e2fc8d3f7af84be8bb52b085014308d122ca7ee3037d98f0ee217,a6b70d0ad6b12c6db74259c295387d197bcd855319d0496a4f05974285e9db0a,1f8c4e1e5913fb274b675d3346a1687fb19379dadef02f43c3200454f7910cc2,14c6b2ca696a7eacda8f193e5c8a0a44e55d527e,DYN19_RESULTS_20260914_R1
main,dyn19_mapmatched,MapMatched,bonn_crowd2,1,vacuous,false,false,0,0,0,4a4df6245eb6249c43d88d0cd14f2e8aa8b409bc602fb4c10e7c72c2360e494e,7157515a264b8548a7bb85d75be2d30edfe83dc3943657b688e0350bf6c0ff0f,e5dcee12fd147dfc1e49bab797a388de7e84de52c43c2ba7755c875fb7e2669f,b726ffb7cf110b4d8eae51e9b969b64a9bd546a4dda5329899b930e64b716d37,14c6b2ca696a7eacda8f193e5c8a0a44e55d527e,DYN19_RESULTS_20260914_R1
main,dyn19_mapmatched,MapMatched,bonn_crowd2,2,vacuous,false,false,0,0,0,4a4df6245eb6249c43d88d0cd14f2e8aa8b409bc602fb4c10e7c72c2360e494e,edb9eb6c3d8da0da921167bf9dab0a75642f04d97ecf9e58137e6c2e43095afe,0794ccc6718acfa98cefc16473fc0807a0eeae799d698267a23d0c1f48861cb0,66c44858286ffa93f88355a700823a3de15820516d975c472f4f7236d2f911c9,14c6b2ca696a7eacda8f193e5c8a0a44e55d527e,DYN19_RESULTS_20260914_R1
main,dyn19_mapmatched,MapMatched,bonn_crowd3,0,vacuous,false,false,0,0,0,4a4df6245eb6249c43d88d0cd14f2e8aa8b409bc602fb4c10e7c72c2360e494e,3f41be15eea36a4a060acc15cc04b4c60fc3daf6c35e0162bc8493b0c0eedb08,8c9b483aa8e5b56452d727dfdea316d749c94f67f48d45a575879795b6566681,2c8e44d15e8a617dae1d939ddb79f77d0edd1aa51b0a86449ed4146a760f11d0,14c6b2ca696a7eacda8f193e5c8a0a44e55d527e,DYN19_RESULTS_20260914_R1
main,dyn19_mapmatched,MapMatched,bonn_crowd3,1,vacuous,false,false,0,0,0,4a4df6245eb6249c43d88d0cd14f2e8aa8b409bc602fb4c10e7c72c2360e494e,8602d04c4b6bda87d26a63d2041ef2a02942d57729ff963ab1a56eafe0a90545,c26bf40e99bd03e41068b799bf7f086ebf717ff3f8c93fc4af33298d4463885e,d009d742d589d8bb23d9de41302578adf8951de2cbfa7d5ec19340beaa58fcf7,14c6b2ca696a7eacda8f193e5c8a0a44e55d527e,DYN19_RESULTS_20260914_R1
main,dyn19_mapmatched,MapMatched,bonn_crowd3,2,vacuous,false,false,0,0,0,4a4df6245eb6249c43d88d0cd14f2e8aa8b409bc602fb4c10e7c72c2360e494e,e9472e77a6582d4bbf3d96a9438931f31e2a1300a2261f9926cf8a2cf83c275b,e90c5ff67282f47ec7192e6c3f8eebab920b6acdbdf3a18f93483285cd4b3800,822cf75e0e13b42f49ecfd0bf281f0da0641fe7d0fee7a354f0c08d32c23f736,14c6b2ca696a7eacda8f193e5c8a0a44e55d527e,DYN19_RESULTS_20260914_R1
main,dyn19_mapmatched,MapMatched,bonn_person_tracking,0,vacuous,false,false,0,0,0,4a4df6245eb6249c43d88d0cd14f2e8aa8b409bc602fb4c10e7c72c2360e494e,e28db39775f9c6c7d7271f310736ed3cb0db9a6bd6943263cd124a9f6522e3b9,1bb01cd3684bbe99985530ccdaffed490bf71d34586b17d633d988099be713a1,258a584b9b77946f91cde34d1265a62c797435aae04bf24a628ca4314bc10a74,14c6b2ca696a7eacda8f193e5c8a0a44e55d527e,DYN19_RESULTS_20260914_R1
main,dyn19_mapmatched,MapMatched,bonn_person_tracking,1,vacuous,false,false,0,0,0,4a4df6245eb6249c43d88d0cd14f2e8aa8b409bc602fb4c10e7c72c2360e494e,1d713f05094b98f8588aee500797fbce58211cf0f22db3dbea1b683876fc110f,21412b4560f461171078267901c88a727adbbb3733c07b9ebcd4566d366f2a4b,710f15f3cb3ea235b77fb1197133dfb535d2fe1c10bf076664c9a99e073f7e20,14c6b2ca696a7eacda8f193e5c8a0a44e55d527e,DYN19_RESULTS_20260914_R1
main,dyn19_mapmatched,MapMatched,bonn_person_tracking,2,vacuous,false,false,0,0,0,4a4df6245eb6249c43d88d0cd14f2e8aa8b409bc602fb4c10e7c72c2360e494e,a6ab500c0f0d0c85a3ad6478e81f4c95a84ac372babfa3278b86d7821df8f1c7,15f6c25c9ad35e78fd8b0e9a4ddaa6fbf2ac883c5f0857101d90c386c164ff39,ea35bbd50e93c9e6438507d2b570e9e68f1ec42194e037b9f3b02e26d6fc786d,14c6b2ca696a7eacda8f193e5c8a0a44e55d527e,DYN19_RESULTS_20260914_R1
main,dyn19_mapmatched,MapMatched,bonn_person_tracking2,0,vacuous,false,false,0,0,0,4a4df6245eb6249c43d88d0cd14f2e8aa8b409bc602fb4c10e7c72c2360e494e,a1ef41d65d88610379ae3a6584a92d358fa81f319af6c8ac588650fac0957149,1a26be555aed3ebce2e2e35247a58e99f186157844806978917a2ff1444ff657,746e8e70d8004800d81a9cb279ce6e779d71f16caa927633319a3f36fb6521ad,14c6b2ca696a7eacda8f193e5c8a0a44e55d527e,DYN19_RESULTS_20260914_R1
main,dyn19_mapmatched,MapMatched,bonn_person_tracking2,1,vacuous,false,false,0,0,0,4a4df6245eb6249c43d88d0cd14f2e8aa8b409bc602fb4c10e7c72c2360e494e,2ed0bd84d605a69355840312371e2503616ccdf42beb01c53816b588b2d1a849,4bbdccd419af4cbaab9ec35c5f5f1dbabbf637d3113fc44f12713fd0fd4175ea,57a57cc9d9ae16abfaacdf324736808ed189274ec32e960fa316310072109b3f,14c6b2ca696a7eacda8f193e5c8a0a44e55d527e,DYN19_RESULTS_20260914_R1
main,dyn19_mapmatched,MapMatched,bonn_person_tracking2,2,vacuous,false,false,0,0,0,4a4df6245eb6249c43d88d0cd14f2e8aa8b409bc602fb4c10e7c72c2360e494e,f3cafa5db56e36713506419a5b11eeae59f98c8a33f0307cafa2123e0e77937a,51fc860cc8f4a7022ce0394d21a6a912be7b520ec49de6f85fc49287cf25f97c,1878238c0828d83fdbee36d8a1bd170c7587419864f334ec4385127c025df581,14c6b2ca696a7eacda8f193e5c8a0a44e55d527e,DYN19_RESULTS_20260914_R1
main,dyn19_mapmatched,MapMatched,tum_sitting_halfsphere,0,vacuous,false,false,0,0,0,4a4df6245eb6249c43d88d0cd14f2e8aa8b409bc602fb4c10e7c72c2360e494e,3a9683a15c6cf9d53d82d899231365c68ed7add69ae04298b71b8bfcf8869230,356250a3affde57927c82778c62eb98122591e045e68b7cdf481899a3a28e450,236e6e67a996d1c719229c2ea8ffdb6d226e6cc5cfe4d7a38c5a40ecd6d9a56f,14c6b2ca696a7eacda8f193e5c8a0a44e55d527e,DYN19_RESULTS_20260914_R1
main,dyn19_mapmatched,MapMatched,tum_sitting_halfsphere,1,vacuous,false,false,0,0,0,4a4df6245eb6249c43d88d0cd14f2e8aa8b409bc602fb4c10e7c72c2360e494e,0cb22d7e7eb89f84de311a9a2d5e3e42ad20ab21ff8167cb79baf2493f9cdacf,84d1db4b1708f9d9f9c0513c8232cd44a1771254a863e70ef1da2acea275feef,852df111f3c1d1041f65d5f7f3841e0a47ffa2c5ec00a9b2d611483c1cd78169,14c6b2ca696a7eacda8f193e5c8a0a44e55d527e,DYN19_RESULTS_20260914_R1
main,dyn19_mapmatched,MapMatched,tum_sitting_halfsphere,2,vacuous,false,false,0,0,0,4a4df6245eb6249c43d88d0cd14f2e8aa8b409bc602fb4c10e7c72c2360e494e,6ea90ddad3287b458e6a658bd61ad35e2b3209cc79b25c9ad9a2c4518932276c,8f3aafad18dee5269dcc55bcd9edd7b53b55b8937bbc16271e07558521b56d2c,1776f7314fe1dd016f84acdbc16744357648ab3babdb61807e9048eba19e05c6,14c6b2ca696a7eacda8f193e5c8a0a44e55d527e,DYN19_RESULTS_20260914_R1
main,dyn19_mapmatched,MapMatched,tum_walking_halfsphere,0,vacuous,false,false,0,0,0,4a4df6245eb6249c43d88d0cd14f2e8aa8b409bc602fb4c10e7c72c2360e494e,42d9baf6d4b080587be6acbd7345cc6bb5cdee1ebfaa215b7edafeed3b3b3258,02edbadd19ed3068611624671be12fae9aca2cd869ce8e15566c8b2d39187e81,6d3e3a5764ec395fe9ce94c130ec704f6459c77b5e0f7173f4faa37b9babd9ee,14c6b2ca696a7eacda8f193e5c8a0a44e55d527e,DYN19_RESULTS_20260914_R1
main,dyn19_mapmatched,MapMatched,tum_walking_halfsphere,1,vacuous,false,false,0,0,0,4a4df6245eb6249c43d88d0cd14f2e8aa8b409bc602fb4c10e7c72c2360e494e,edd538c75c4feefdecdde1b1383e7805e937af984e4e6252b2205e86e17f2b5b,a7753b3d054378dab7047a4141aab1dcdeeb38a9b7a280e1aa4c919361e4341b,a25c9feae6a867c75ee5d1e06318209b727aa102a67c2024fbf405c4473f845d,14c6b2ca696a7eacda8f193e5c8a0a44e55d527e,DYN19_RESULTS_20260914_R1
main,dyn19_mapmatched,MapMatched,tum_walking_halfsphere,2,vacuous,false,false,0,0,0,4a4df6245eb6249c43d88d0cd14f2e8aa8b409bc602fb4c10e7c72c2360e494e,b699265364942848942f679a849d681f120a95ccf180370a3a4c76621b02e6fd,859dbde8da1b44a2e8669e1c815637a3e4bf12321c63a7ffdb9eaef879983320,8f3f4a32d6e05ab9592b23f5fd861e3c7a2152b336401802ee912bc48d2df3ab,14c6b2ca696a7eacda8f193e5c8a0a44e55d527e,DYN19_RESULTS_20260914_R1
main,dyn19_mapmatched,MapMatched,tum_walking_static,0,vacuous,false,false,0,0,0,4a4df6245eb6249c43d88d0cd14f2e8aa8b409bc602fb4c10e7c72c2360e494e,2f10fd835238eaa7066f28f36c86947d92a2c0e6f71c6908ee23c615a632bd6d,b8257136c10f2e9a1f40fcc00587a62e63cb2fca14d597af972d92b39917f8df,a44722bd509934d3a0f8d14708c86350fb9a89466e0c028a9dc9ca0b779ed1f4,14c6b2ca696a7eacda8f193e5c8a0a44e55d527e,DYN19_RESULTS_20260914_R1
main,dyn19_mapmatched,MapMatched,tum_walking_static,1,vacuous,false,false,0,0,0,4a4df6245eb6249c43d88d0cd14f2e8aa8b409bc602fb4c10e7c72c2360e494e,79b8c9db2b18db39de7884e82ec2b26e6f7de68482a1ab420160673c3565ddcf,ecbde4ecaedee8704b106291a19b442d3140e05a40dd2a44af53e3fda5aaf3e5,2c374f2c725ec5f4327c3e67a7b6d147121b002ac9d12c3bc6dff261a031a8ae,14c6b2ca696a7eacda8f193e5c8a0a44e55d527e,DYN19_RESULTS_20260914_R1
main,dyn19_mapmatched,MapMatched,tum_walking_static,2,vacuous,false,false,0,0,0,4a4df6245eb6249c43d88d0cd14f2e8aa8b409bc602fb4c10e7c72c2360e494e,2c1f0a1318913c29c83f305c1faec67353d1367021b3271017da73cf1c618ab8,84927c3f9d3b40997e107ec1c0ed64eef96b88211b133421a3d64da563f9d402,2541a3255d6d009e88bf3bbc34e8716fd2e20c0ff16713f827395fe9636070df,14c6b2ca696a7eacda8f193e5c8a0a44e55d527e,DYN19_RESULTS_20260914_R1
main,dyn19_mapmatched,MapMatched,tum_walking_xyz,0,vacuous,false,false,0,0,0,4a4df6245eb6249c43d88d0cd14f2e8aa8b409bc602fb4c10e7c72c2360e494e,2a8c6060e35e2f5e87453e5b16f051c3eeb00a2e91f4fed1d403f94ece056a35,3679982b62741eaab1d83228035211d59cdd10c6f2f67ef29b41ffce5582de91,11d86cafa2e8afb5df38c7657ea77910525fb6dc0257e9b97f773d774422a429,14c6b2ca696a7eacda8f193e5c8a0a44e55d527e,DYN19_RESULTS_20260914_R1
main,dyn19_mapmatched,MapMatched,tum_walking_xyz,1,vacuous,false,false,0,0,0,4a4df6245eb6249c43d88d0cd14f2e8aa8b409bc602fb4c10e7c72c2360e494e,4fe4b89c753e4de2d31f420085eb88568afd4532c4ccc53711b888c62e097c95,bd683860c36592eaa5acbbf768350caef6977a7e9548c06cbcd7600f74029d9c,17f548513873c46bed27cc0959569bb7af206a9a32b04219b55ac124e1392077,14c6b2ca696a7eacda8f193e5c8a0a44e55d527e,DYN19_RESULTS_20260914_R1
main,dyn19_mapmatched,MapMatched,tum_walking_xyz,2,vacuous,false,false,0,0,0,4a4df6245eb6249c43d88d0cd14f2e8aa8b409bc602fb4c10e7c72c2360e494e,8d27ee5d6d7cac265833af1c02e4fae0a3022e3d6f9f551da30ee2f50d745554,7251f26e4cb93b973df5477bb2565dbe57a9d04401092aab8d39bada44368848,4154f43e488052eab394f1292bd9e742dda803e8a6bbe642251b8eaf39df9185,14c6b2ca696a7eacda8f193e5c8a0a44e55d527e,DYN19_RESULTS_20260914_R1
main,dyn19_semantic,Semantic,bonn_balloon,0,vacuous,false,false,0,0,0,4a4df6245eb6249c43d88d0cd14f2e8aa8b409bc602fb4c10e7c72c2360e494e,5323b38b48a096cbaf798ec3bae027b864c1ffc9585302403bbcbd795b89dae9,a4878983fb7ba4e1e6f7f63ab02886fab703f1f28471209f4e45525b015266e8,f9d89c44579e919b339215a26aac4896d0370d63aff003c46f9b896e5753be48,14c6b2ca696a7eacda8f193e5c8a0a44e55d527e,DYN19_RESULTS_20260914_R1
main,dyn19_semantic,Semantic,bonn_balloon,1,vacuous,false,false,0,0,0,4a4df6245eb6249c43d88d0cd14f2e8aa8b409bc602fb4c10e7c72c2360e494e,75f52abbbedf2bff5fddd8c4b319327eb42c58beee97efc08d9740eaa03f9a9e,1dc98f7aaaf0f83e3e3b76c799d613afd8b7d1841e87c453542b67189426371b,8aec2d238000fd0c40383c25f3b397e3e4a9ce76963c65adcbb89f4c3cee640b,14c6b2ca696a7eacda8f193e5c8a0a44e55d527e,DYN19_RESULTS_20260914_R1
main,dyn19_semantic,Semantic,bonn_balloon,2,vacuous,false,false,0,0,0,4a4df6245eb6249c43d88d0cd14f2e8aa8b409bc602fb4c10e7c72c2360e494e,48500d68bd65dc9f5a23313455775c9a607c32c2e745d842c9f3a09bcee12620,2124bab0af50f266994a4ec4c391296e3fdab853c2e9dbf42c2520ca26a4f1b9,dd3d61f6abe11a401d8f755c29f25c448e99e0ec76a89e156007d59ba163fdb2,14c6b2ca696a7eacda8f193e5c8a0a44e55d527e,DYN19_RESULTS_20260914_R1
main,dyn19_semantic,Semantic,bonn_crowd,0,vacuous,false,false,0,0,0,4a4df6245eb6249c43d88d0cd14f2e8aa8b409bc602fb4c10e7c72c2360e494e,d9c8e65fb1f4bcd5533ff93dd363798ca3bb1564dee9dcbb7eea7f2154785d2a,50d57cdfd319579889995ab08a4c69376a41123e041c83fae2371cbc264ccd8a,a2a21f68fa1cc6e2b21af84be4357bfaba77822cbe0f873768c3abb9b4cbd2de,14c6b2ca696a7eacda8f193e5c8a0a44e55d527e,DYN19_RESULTS_20260914_R1
main,dyn19_semantic,Semantic,bonn_crowd,1,vacuous,false,false,0,0,0,4a4df6245eb6249c43d88d0cd14f2e8aa8b409bc602fb4c10e7c72c2360e494e,adaea2bd38598a6a77be0efef79f40bd5256328e77fca06aab6348679d7054cf,48ac3e9dd3bcf72b37c702b759ebcc61af24ae9381acacb2c286cdb75b42234f,ad8f7812cad934089e743ee915885aae3c72fd10207381ed23de8c47724299db,14c6b2ca696a7eacda8f193e5c8a0a44e55d527e,DYN19_RESULTS_20260914_R1
main,dyn19_semantic,Semantic,bonn_crowd,2,vacuous,false,false,0,0,0,4a4df6245eb6249c43d88d0cd14f2e8aa8b409bc602fb4c10e7c72c2360e494e,15b1d526fcfb7529c5bb478d4b5079c788c23e5ed2508da3a124ec6a34140a6c,f407cd803c02677022ac7b5588b21448f302250c2c0c2a12528b26fd8d9537e3,2303f7cdc32709a45f1178278028d2f9935c784be9e5b1169a2074ece0c33f62,14c6b2ca696a7eacda8f193e5c8a0a44e55d527e,DYN19_RESULTS_20260914_R1
main,dyn19_semantic,Semantic,bonn_crowd2,0,vacuous,false,false,0,0,0,4a4df6245eb6249c43d88d0cd14f2e8aa8b409bc602fb4c10e7c72c2360e494e,7d759faca090347f67f3e553971db9cff8718f98361fb900003f125f51caf9b2,c23c7f894c4d236f26882e750c8379f7daa7d38cd41ea719f87edec3bd1c87bf,be1118e62a0663148a4f06317144c0db46ed43849851a841e01c8be9c05d9b81,14c6b2ca696a7eacda8f193e5c8a0a44e55d527e,DYN19_RESULTS_20260914_R1
main,dyn19_semantic,Semantic,bonn_crowd2,1,vacuous,false,false,0,0,0,4a4df6245eb6249c43d88d0cd14f2e8aa8b409bc602fb4c10e7c72c2360e494e,840db0821d362ca591073d3833add0911f77c51afbac3dad24b30e65d391e6e0,62d92acc779a555ab872652ea916cc110ad65389db0d8694583790f8a9fc1338,e2e9ee04950cbe12d36a8d4053a60e227545784667480e52e61e0c4e940d29e9,14c6b2ca696a7eacda8f193e5c8a0a44e55d527e,DYN19_RESULTS_20260914_R1
main,dyn19_semantic,Semantic,bonn_crowd2,2,vacuous,false,false,0,0,0,4a4df6245eb6249c43d88d0cd14f2e8aa8b409bc602fb4c10e7c72c2360e494e,44541e57f1a37ef4049bc6a426ab6260287eb06bff253bd94c4d29519c62b2e7,e5f31c170f3f7eb3dec66ae16978f3b0d8379460bd58e8cb5ca111ed67b7fbec,f7ccc5e24b9fcb0c617cd018825d2cf989835ca657445513fbe33c239b42a8d5,14c6b2ca696a7eacda8f193e5c8a0a44e55d527e,DYN19_RESULTS_20260914_R1
main,dyn19_semantic,Semantic,bonn_crowd3,0,vacuous,false,false,0,0,0,4a4df6245eb6249c43d88d0cd14f2e8aa8b409bc602fb4c10e7c72c2360e494e,d8d0be7ed8d32fbaa2acf0347df61ec1212baee62279b1325d00f9d916e1a4c0,6594b05b6267be04869f059fef2003c34dd6adabe184bebca47eed8d323458ad,a32461838e691b8242cfd68414704563830898e14530ffcf9206e0dac97a02ff,14c6b2ca696a7eacda8f193e5c8a0a44e55d527e,DYN19_RESULTS_20260914_R1
main,dyn19_semantic,Semantic,bonn_crowd3,1,vacuous,false,false,0,0,0,4a4df6245eb6249c43d88d0cd14f2e8aa8b409bc602fb4c10e7c72c2360e494e,acbe87b03e6c5d2ed8c20ad021c789b2281ddd84b23547196f56fd0488f15d22,755ac03a97562b3adee2fca9e18914520e6ebcdc6ef2fd74689a378c853d269b,9bed0441e9ab68a405445f6d3bdb606b884f33f2b58d8244d3aeedd3bfeb45c6,14c6b2ca696a7eacda8f193e5c8a0a44e55d527e,DYN19_RESULTS_20260914_R1
main,dyn19_semantic,Semantic,bonn_crowd3,2,vacuous,false,false,0,0,0,4a4df6245eb6249c43d88d0cd14f2e8aa8b409bc602fb4c10e7c72c2360e494e,10655b65bc6ab50bbd02339efeb3963bf5f5d596229dd0597876ef3625ed90dd,43a397856b4b5c099abce296464217c10f6cbd1bd0884cefb4b9c2eb5c224e6d,7ad696272f21d13bd9fdebcaf1f663f5580f47248936a3fcc32ac59e08a1f50f,14c6b2ca696a7eacda8f193e5c8a0a44e55d527e,DYN19_RESULTS_20260914_R1
main,dyn19_semantic,Semantic,bonn_person_tracking,0,vacuous,false,false,0,0,0,4a4df6245eb6249c43d88d0cd14f2e8aa8b409bc602fb4c10e7c72c2360e494e,7c6cfdaafb895de9208a2e02d43483769b5b59528b9ae3ee933fadc896142ce6,a17defcfc4e5b60f2082bdce02caac88aea11d2aabeea9277055e32bbbbe3ede,80a58c09f39bb38a2535c67713205bec7528ffb95441348d49ecb3c94ec975aa,14c6b2ca696a7eacda8f193e5c8a0a44e55d527e,DYN19_RESULTS_20260914_R1
main,dyn19_semantic,Semantic,bonn_person_tracking,1,vacuous,false,false,0,0,0,4a4df6245eb6249c43d88d0cd14f2e8aa8b409bc602fb4c10e7c72c2360e494e,aa31ef5a97aa53a25ea7bb969ba11e83934e6c6abd263ab84324c96264cc7c5f,51d2bdd63b27c1448b1804dee896a8046037d97566a4f6d01a153520bc4a69f0,a549a1751ac1104b3f971dd5fc38ca43261d6158fed3d3a0d96568ec69a19a1d,14c6b2ca696a7eacda8f193e5c8a0a44e55d527e,DYN19_RESULTS_20260914_R1
main,dyn19_semantic,Semantic,bonn_person_tracking,2,vacuous,false,false,0,0,0,4a4df6245eb6249c43d88d0cd14f2e8aa8b409bc602fb4c10e7c72c2360e494e,2ef0aeacf72b8d6816483520e8a44b1dbb4cccaad0f15a9ea5932bf626ab7dff,0af3a0da58d92ce5b9f7471b9d6ca1faff7b4f4b0f534a280c46fd43b5dbcbc6,a37627a73225f6e8e435a2f753b2ba291b9dc5ce655d89076e9f86bddba25214,14c6b2ca696a7eacda8f193e5c8a0a44e55d527e,DYN19_RESULTS_20260914_R1
main,dyn19_semantic,Semantic,bonn_person_tracking2,0,vacuous,false,false,0,0,0,4a4df6245eb6249c43d88d0cd14f2e8aa8b409bc602fb4c10e7c72c2360e494e,89c3ee0ddd95bd3081afbf14b12c0c9f7b0f2ff79a7e1c8435f2e150a557502b,36ce00d2d8066d1253eccfa5cde0667ba9af8678e43e3f338197a6f467bf2c4f,faeb2176c0fa46c64e4f5758257ca41c6f7c029a4d0aca563d5f4ba40b810844,14c6b2ca696a7eacda8f193e5c8a0a44e55d527e,DYN19_RESULTS_20260914_R1
main,dyn19_semantic,Semantic,bonn_person_tracking2,1,vacuous,false,false,0,0,0,4a4df6245eb6249c43d88d0cd14f2e8aa8b409bc602fb4c10e7c72c2360e494e,d3e40b049cc5b3a976e3502d660370c60b7cbb537c483d324be1f116a74d0400,83ec9e042753c6cec741107ede9c8fafdab0d1549435797b8842357a0f7d1741,309b535f84f8f92ecb8e50991d2b5dd160ddcd9491df14b7d11ae18a6d18d1de,14c6b2ca696a7eacda8f193e5c8a0a44e55d527e,DYN19_RESULTS_20260914_R1
main,dyn19_semantic,Semantic,bonn_person_tracking2,2,vacuous,false,false,0,0,0,4a4df6245eb6249c43d88d0cd14f2e8aa8b409bc602fb4c10e7c72c2360e494e,bfc75e5dcb3c2960fc74d52b0d1dcb049752e8ce0fbe47689405095de767417b,26d9d6a4e8964ea22a8c4d1afb4fb7ae28e75b858d42c2586b86d0a49268058b,81288accaedc80d0e5fa59869df19f4b14d4eacc84ae482b60779ed7953151cb,14c6b2ca696a7eacda8f193e5c8a0a44e55d527e,DYN19_RESULTS_20260914_R1
main,dyn19_semantic,Semantic,tum_sitting_halfsphere,0,vacuous,false,false,0,0,0,4a4df6245eb6249c43d88d0cd14f2e8aa8b409bc602fb4c10e7c72c2360e494e,e3ee1019bada495b2d2f5cc02d3fa760f84268f12f701302a4475b9205a7c0dd,2ab431c8da2446fad84c8714d4843445fc46ad3073d10cda025030712a41bdb4,97cc0908c45ca15d05f8c00cf85ab463b26f67120f7c7748226b379bba0d53ea,14c6b2ca696a7eacda8f193e5c8a0a44e55d527e,DYN19_RESULTS_20260914_R1
main,dyn19_semantic,Semantic,tum_sitting_halfsphere,1,vacuous,false,false,0,0,0,4a4df6245eb6249c43d88d0cd14f2e8aa8b409bc602fb4c10e7c72c2360e494e,14f85a754c04c2dba9b50077de165e19bdd5e7da852f47edd1636ef624f01dbb,e01266175f9f642d7d38cea6b4f28d96c327441b76f7ae82928407d55b26bb7e,90c8f5de322f0446e6803bbf73387493fa87765429890ea4a52d7a167de4268a,14c6b2ca696a7eacda8f193e5c8a0a44e55d527e,DYN19_RESULTS_20260914_R1
main,dyn19_semantic,Semantic,tum_sitting_halfsphere,2,vacuous,false,false,0,0,0,4a4df6245eb6249c43d88d0cd14f2e8aa8b409bc602fb4c10e7c72c2360e494e,28265e3fb00dc20601b66ee0d7b159d814cf7294c3fcec8d4c1923cc356eede7,2fa01151589f00f84eeaf10a2575752ab6d2cb05b4409e9ed2e55e06eaf0e9e8,ac14a89efac119cdc6f6671957545411c1b199b8a6e5b091f2dfb933433d206e,14c6b2ca696a7eacda8f193e5c8a0a44e55d527e,DYN19_RESULTS_20260914_R1
main,dyn19_semantic,Semantic,tum_walking_halfsphere,0,vacuous,false,false,0,0,0,4a4df6245eb6249c43d88d0cd14f2e8aa8b409bc602fb4c10e7c72c2360e494e,9f1fc392fabc02368e977dc8d55ac5564743499f1b5f891066f850f2725f8910,c6b50a94e3c921f75da2f68147c9b9668761f996820b51cf3f6d010f61e8385e,872aaf65ddcd15e832bda3632cb38b3de8c3e61123af61bf327da7eb92bacb8f,14c6b2ca696a7eacda8f193e5c8a0a44e55d527e,DYN19_RESULTS_20260914_R1
main,dyn19_semantic,Semantic,tum_walking_halfsphere,1,vacuous,false,false,0,0,0,4a4df6245eb6249c43d88d0cd14f2e8aa8b409bc602fb4c10e7c72c2360e494e,8fa4fe1a2956f896bdaf7aaa1cbd63fb4136baee54893204e1ad6d6a11026d8c,642f9f362f9548eb4b194aeb4729515f2bc5f9ea1aa1656fb1d591664f84d1f6,09f65c4caf7302e4e1a8c528e4fe1add33de08781a92c2f7dda49ae65229b071,14c6b2ca696a7eacda8f193e5c8a0a44e55d527e,DYN19_RESULTS_20260914_R1
main,dyn19_semantic,Semantic,tum_walking_halfsphere,2,vacuous,false,false,0,0,0,4a4df6245eb6249c43d88d0cd14f2e8aa8b409bc602fb4c10e7c72c2360e494e,3325eff575413296efb97a54fe463f6e13743dedd1e9f1ff2811fc6bcc1b6831,ba80deb3abda6f04c257c64e73ac9133db53dfc283e825d8be606f34585e827f,17be2d9dbc62b1fbd58b2e5c4205c861903bc5ddfef2a60347f2dd2dba48bc98,14c6b2ca696a7eacda8f193e5c8a0a44e55d527e,DYN19_RESULTS_20260914_R1
main,dyn19_semantic,Semantic,tum_walking_static,0,vacuous,false,false,0,0,0,4a4df6245eb6249c43d88d0cd14f2e8aa8b409bc602fb4c10e7c72c2360e494e,3f0a20daf7cd1b20395fcd59374c78a8c76fda89d95b5cf60bb0a9c3ff309e30,e390caa907c92096137b14e15b959152d3054368b9542723645e73aa52aac075,c14ad63f5471547e0baf88ea0c4616fa82ad5583f0cddd3a0489ad7c7f905184,14c6b2ca696a7eacda8f193e5c8a0a44e55d527e,DYN19_RESULTS_20260914_R1
main,dyn19_semantic,Semantic,tum_walking_static,1,vacuous,false,false,0,0,0,4a4df6245eb6249c43d88d0cd14f2e8aa8b409bc602fb4c10e7c72c2360e494e,8b2b773e133de7044f9cc0edd26f4f1f9fa324cd409201102cd0cf9b96261dba,f55379ddc429b12322a62ab3906abc7eceee2a6511a0e1da0b813cee31f5f69f,c0a7cfcb7e7fae2def02a1064df3a89d2139e837af01532903371bfc4b7f2e83,14c6b2ca696a7eacda8f193e5c8a0a44e55d527e,DYN19_RESULTS_20260914_R1
main,dyn19_semantic,Semantic,tum_walking_static,2,vacuous,false,false,0,0,0,4a4df6245eb6249c43d88d0cd14f2e8aa8b409bc602fb4c10e7c72c2360e494e,c09b676273a41f82f75d563a94c86ca36987122f1c6df889ee150e3311b08e2a,864a1a84489cfa5a2e43aa7de64ac1a0c5dbe0d35497cf4e55044fbca56f9cfe,48d4208b1f26578f0d181b7a4cfd7913bde339569edd7a170789435de2fb45a6,14c6b2ca696a7eacda8f193e5c8a0a44e55d527e,DYN19_RESULTS_20260914_R1
main,dyn19_semantic,Semantic,tum_walking_xyz,0,vacuous,false,false,0,0,0,4a4df6245eb6249c43d88d0cd14f2e8aa8b409bc602fb4c10e7c72c2360e494e,aeef35b6932f13d0ee872ecf0dac688bac43b552196979eb7a92f47f4d734616,78ab07a6831a6fe33b80ea57f3c299dbdc28af62eba84447b887ae62e0d5b724,947e0c03496bf9e8e7eb16a7396f852690cc2b218516765c36aa31c3e1eca8f2,14c6b2ca696a7eacda8f193e5c8a0a44e55d527e,DYN19_RESULTS_20260914_R1
main,dyn19_semantic,Semantic,tum_walking_xyz,1,vacuous,false,false,0,0,0,4a4df6245eb6249c43d88d0cd14f2e8aa8b409bc602fb4c10e7c72c2360e494e,89218af9efa2736240ba68562439a52798ca217b7036e3cf097ff8ba6546d9de,622d6b0265230fe5f82450624eaebc78131dd96f3b1904e514e5d8051e8b7d1a,89f10f5f766974e23d6e54a04ac449a5de6f28c199ec7ff2130acb5a8357e86a,14c6b2ca696a7eacda8f193e5c8a0a44e55d527e,DYN19_RESULTS_20260914_R1
main,dyn19_semantic,Semantic,tum_walking_xyz,2,vacuous,false,false,0,0,0,4a4df6245eb6249c43d88d0cd14f2e8aa8b409bc602fb4c10e7c72c2360e494e,132a65ae0223fa5b2638f4ad57026327fa6392a174c7c24804b8bc7081f32420,5da03fc3e521b0a3fa3794c186d982a4d37f54f062a68b4b57e99afcdd56f403,685627abd1a0a4d3df86cd3492fc83eafb31d4026e297d5972b836d8ee007312,14c6b2ca696a7eacda8f193e5c8a0a44e55d527e,DYN19_RESULTS_20260914_R1
mechanisms,dyn19_full_no_mapping,T+F+R+A+NoM (Full-NoM),bonn_balloon,0,fail,true,true,10,264346,264346,7bb32f71e65142c15e791633fab5db8d6d28c134a1c946eb817b9932d07f9d5c,947be6dcf094b1f45a8dbb29e05775363537fab71d9ba0744ae919ec75a4b1a0,b71f57d482ae5c852e284f8964fd0d91c962f35d5e390e304a99f35c0ae4b0b6,3a06b256c691496220593184fa9c58c5e8a618661ea38695bce19379e703b065,14c6b2ca696a7eacda8f193e5c8a0a44e55d527e,DYN19_RESULTS_20260914_R1
mechanisms,dyn19_full_no_mapping,T+F+R+A+NoM (Full-NoM),bonn_balloon,1,fail,true,true,15,430640,430640,7bb32f71e65142c15e791633fab5db8d6d28c134a1c946eb817b9932d07f9d5c,2478eaf63faab15141b8a17e01eee70a174bb8dd2140de3aa44fe6617614fd0a,61f6260cf760e43cb69184e4e844d89492fd2e6f30124d051b7eae97f6f93e6b,a92817fc96d2a56c4fbec32d2015213efae22026742f82762007a3aa9aab8f95,14c6b2ca696a7eacda8f193e5c8a0a44e55d527e,DYN19_RESULTS_20260914_R1
mechanisms,dyn19_full_no_mapping,T+F+R+A+NoM (Full-NoM),bonn_balloon,2,fail,true,true,15,475485,475485,7bb32f71e65142c15e791633fab5db8d6d28c134a1c946eb817b9932d07f9d5c,968f8c06a5c7e066598e5db28b05532542f7615de584da7a15879799e6241244,e166fca27b5c57cea071cbff118d1d5019d8b1f51ffc94a58b743d694faac407,7c781264f040ed489805c4fe3717461e480b92acfd804ff8f64cc3efcd3599fe,14c6b2ca696a7eacda8f193e5c8a0a44e55d527e,DYN19_RESULTS_20260914_R1
mechanisms,dyn19_full_no_mapping,T+F+R+A+NoM (Full-NoM),bonn_crowd,0,fail,true,true,64,1834439,1834439,7bb32f71e65142c15e791633fab5db8d6d28c134a1c946eb817b9932d07f9d5c,5a18b001ae7c5d2bad252644378f1be81bf79ef7f0c2efa7392a8fda61637b66,19970cfa94642497f73deb52b21fef94a6292d4bec579d6b3fda058264a39cb5,e45a3abb682619052dee5e508291a6319df27f0da6d33a66353b8fbad7a3c4ea,14c6b2ca696a7eacda8f193e5c8a0a44e55d527e,DYN19_RESULTS_20260914_R1
mechanisms,dyn19_full_no_mapping,T+F+R+A+NoM (Full-NoM),bonn_crowd,1,fail,true,true,78,2118458,2118458,7bb32f71e65142c15e791633fab5db8d6d28c134a1c946eb817b9932d07f9d5c,05a1c435446f76425cc50900172c3f594c89e1a491671b5eb75f1d19be675e77,b5cc75256e47bc2c497530fa6cb6ca67052130d2aa63682ba6996eaf7bd0c90a,aa5d67e8c9b371e1eae9b8d2ba25c9bf7860434309e6fbe1eeba9117b09bc57d,14c6b2ca696a7eacda8f193e5c8a0a44e55d527e,DYN19_RESULTS_20260914_R1
mechanisms,dyn19_full_no_mapping,T+F+R+A+NoM (Full-NoM),bonn_crowd,2,fail,true,true,76,1995020,1995020,7bb32f71e65142c15e791633fab5db8d6d28c134a1c946eb817b9932d07f9d5c,92ed6903201c4acc26bf0400bbe858f9234f19edf089eb8f99a599b16172b14a,7b567d383f95c44da6b1dc474f432c8e25e4b994c740206444b2648095b7ed75,998c83617d96e51c165cfe7250fe2669d1bac33e002006ea3319705aab84c487,14c6b2ca696a7eacda8f193e5c8a0a44e55d527e,DYN19_RESULTS_20260914_R1
mechanisms,dyn19_full_no_mapping,T+F+R+A+NoM (Full-NoM),bonn_crowd2,0,fail,true,true,58,578873,578873,7bb32f71e65142c15e791633fab5db8d6d28c134a1c946eb817b9932d07f9d5c,794b9739b40e64c9695739e1655ebfc97d5e1cf08074eb5e3979d3bfee2f9284,a700e391eed83f54872be21541cd8b1df1c5f91f3938fb4a89bab1da3fd43ead,f0542be8c557bd5a23a7187a04f235021ecdb76e2c7d7425f2ec6b5db28195ad,14c6b2ca696a7eacda8f193e5c8a0a44e55d527e,DYN19_RESULTS_20260914_R1
mechanisms,dyn19_full_no_mapping,T+F+R+A+NoM (Full-NoM),bonn_crowd2,1,fail,true,true,55,586118,586118,7bb32f71e65142c15e791633fab5db8d6d28c134a1c946eb817b9932d07f9d5c,96bf0ab447c6907c7757ed3f40a0e7aa133392a58ba4e543773d7b3485f02c5b,9e56740e187a4f7b0ea94decb966642994a067c882cd4c4bbb65cb9ee413d43e,07cec5c0905b1ef2fb31413e177c76c1b023a294461d3a29b9b3cd68c98c876e,14c6b2ca696a7eacda8f193e5c8a0a44e55d527e,DYN19_RESULTS_20260914_R1
mechanisms,dyn19_full_no_mapping,T+F+R+A+NoM (Full-NoM),bonn_crowd2,2,fail,true,true,54,550953,550953,7bb32f71e65142c15e791633fab5db8d6d28c134a1c946eb817b9932d07f9d5c,c31d7a8a3c7da79bf0147845a6381dded681d921b90fd8fbbcc701d4808826a4,19941a7dde8792a3d3922ce8cbc3bf8ac08df6bd60ee5b1862989c62757e2455,781cb599d50ceead170a382b0c9cbe94e7b548ac5dec9d842c6e8f38857cfe20,14c6b2ca696a7eacda8f193e5c8a0a44e55d527e,DYN19_RESULTS_20260914_R1
mechanisms,dyn19_full_no_mapping,T+F+R+A+NoM (Full-NoM),bonn_crowd3,0,fail,true,true,114,1737592,1737592,7bb32f71e65142c15e791633fab5db8d6d28c134a1c946eb817b9932d07f9d5c,a8f71acbe3e338a9e4de219fa94bab7f85278de432fe94fb28d99524094318bb,e67c0db174cf2ad9ea372c022e2c95036678693740b3e7521ee7b7b2859613ba,17ad642d5194a9dda247aed9d92c3314ce00bec3ea8ae7918d802fe30c42f9d7,14c6b2ca696a7eacda8f193e5c8a0a44e55d527e,DYN19_RESULTS_20260914_R1
mechanisms,dyn19_full_no_mapping,T+F+R+A+NoM (Full-NoM),bonn_crowd3,1,fail,true,true,119,1825215,1825215,7bb32f71e65142c15e791633fab5db8d6d28c134a1c946eb817b9932d07f9d5c,2129dbfad0554a8411bc58a87ce845a5772da1f12aeaf26ee36edfb3cc16dc3d,c4c9b00f0aa629e208df337c8156e40b72a3ee30032f851c39e6cf353921471f,dac2fd5db4ab8a3afaaebdd7114591dfb119aaada5895b6067cfd86874d23047,14c6b2ca696a7eacda8f193e5c8a0a44e55d527e,DYN19_RESULTS_20260914_R1
mechanisms,dyn19_full_no_mapping,T+F+R+A+NoM (Full-NoM),bonn_crowd3,2,fail,true,true,113,1884348,1884348,7bb32f71e65142c15e791633fab5db8d6d28c134a1c946eb817b9932d07f9d5c,16f8eaeeae2262d56eef0778272bcc836d181af9940973224a02d49db9412938,3cbac914f723f40f1805b93fc09352572ab782e7b745cbafb3d4345b70e14771,23f511f6eae3a7325798a8e11caf9d8727f7be975c6ec8db1acb8932a34480df,14c6b2ca696a7eacda8f193e5c8a0a44e55d527e,DYN19_RESULTS_20260914_R1
mechanisms,dyn19_full_no_mapping,T+F+R+A+NoM (Full-NoM),bonn_person_tracking,0,fail,true,true,19,243723,243723,7bb32f71e65142c15e791633fab5db8d6d28c134a1c946eb817b9932d07f9d5c,aa8e4f160e2d1c912ede97dc9ba99016fb1d7aa00d5a4b27a1c12c93ee12deee,8a8b174390b8cef3fa386f29ac73d841ace65863fec9f1f303c2f6d8233288cc,3258ea00684ec634d59337cfa316b0a03dca5199d734bc77973c9bcf2eda3329,14c6b2ca696a7eacda8f193e5c8a0a44e55d527e,DYN19_RESULTS_20260914_R1
mechanisms,dyn19_full_no_mapping,T+F+R+A+NoM (Full-NoM),bonn_person_tracking,1,fail,true,true,29,215202,215202,7bb32f71e65142c15e791633fab5db8d6d28c134a1c946eb817b9932d07f9d5c,c29c88a7677503a9bc5879f60769fa429ca0664cb20896343c09ca78be6516dd,f842f30377be60c44d9a68e72b52456d1d9ba517dc9216f73c3c09433006e75d,392b9b8294ff7e0459c4a284bbf262b1d4846a87eb8d1d76d0b1acf21fdfcc3f,14c6b2ca696a7eacda8f193e5c8a0a44e55d527e,DYN19_RESULTS_20260914_R1
mechanisms,dyn19_full_no_mapping,T+F+R+A+NoM (Full-NoM),bonn_person_tracking,2,fail,true,true,19,105069,105069,7bb32f71e65142c15e791633fab5db8d6d28c134a1c946eb817b9932d07f9d5c,c5258478a604407ed025f5ba7e3bbf7c60a6695eef81b83cb1a04cbfcc5966ab,9122c9897bc0582574cbbe840b93178d02c157cd0af4b5c8375bf1e33c30b3b3,fa83dce59ec220bf9dd7b2c96187f21833d7edd9d21b86509134091bdd257abe,14c6b2ca696a7eacda8f193e5c8a0a44e55d527e,DYN19_RESULTS_20260914_R1
mechanisms,dyn19_full_no_mapping,T+F+R+A+NoM (Full-NoM),bonn_person_tracking2,0,fail,true,true,5,79005,79005,7bb32f71e65142c15e791633fab5db8d6d28c134a1c946eb817b9932d07f9d5c,ab3a72ed59b146a0f6dc1be1d898fabdb5e4f5719ed4bdfd4f585f84d3cb0d2f,cb2ce6abafd96195c0b3d1a274e78cce0df349cb0db0f45d8dfbdb0ea74ae15e,ba18211b70787fe82d4a408779ed7fd3e2f43c5a507d2f46cdbb675ac526310a,14c6b2ca696a7eacda8f193e5c8a0a44e55d527e,DYN19_RESULTS_20260914_R1
mechanisms,dyn19_full_no_mapping,T+F+R+A+NoM (Full-NoM),bonn_person_tracking2,1,fail,true,true,10,330229,330229,7bb32f71e65142c15e791633fab5db8d6d28c134a1c946eb817b9932d07f9d5c,e7a916f44500fcb88135b4150902f555d5dcd292757df5a50d277a035ce83c85,93d1936369b7ae79608a822cdc6640eb032db9d61b032e8980f11b7867b8d08b,91c55b3c704fd3faf948d2e29a1c9e6909bdb975945af450c491efde651efc41,14c6b2ca696a7eacda8f193e5c8a0a44e55d527e,DYN19_RESULTS_20260914_R1
mechanisms,dyn19_full_no_mapping,T+F+R+A+NoM (Full-NoM),bonn_person_tracking2,2,fail,true,true,5,82473,82473,7bb32f71e65142c15e791633fab5db8d6d28c134a1c946eb817b9932d07f9d5c,67892610bedc12f89d32fff42436abe783c0b1d6a7b8060616f341558e7a89cd,6bbb018c811db0087815d3a4b1ae750004a3b627f0dae39c1d2d441c33787ecd,bd70e10481275534874c2060b493946792175367d06bbbdf82c4132f7d7b5b64,14c6b2ca696a7eacda8f193e5c8a0a44e55d527e,DYN19_RESULTS_20260914_R1
mechanisms,dyn19_full_no_mapping,T+F+R+A+NoM (Full-NoM),tum_sitting_halfsphere,0,fail,true,true,553,14988655,14988655,7bb32f71e65142c15e791633fab5db8d6d28c134a1c946eb817b9932d07f9d5c,7d8c9faa18e369ec8d78616bb16245b035262e8738ba19aafd8bfed9aa90adb6,5dcfae1c76b727e7b5d079e2fb0d2e80dceb8fb7433dad3bcdb7bb2ef37434c4,aecb6a837fb59e5668859d7aaaca0c8cf230acd067aedf4151d2369fa0d080da,14c6b2ca696a7eacda8f193e5c8a0a44e55d527e,DYN19_RESULTS_20260914_R1
mechanisms,dyn19_full_no_mapping,T+F+R+A+NoM (Full-NoM),tum_sitting_halfsphere,1,fail,true,true,606,15332797,15332797,7bb32f71e65142c15e791633fab5db8d6d28c134a1c946eb817b9932d07f9d5c,74642e94fd89b409e439c13b8b990c76b02625e8e897664d65e25e273122b798,b4ae94a8c779ce6621eab67d08d5ec9adb9b30636bb02113baab1d73c2e9e157,2044e1b5972f6d31b6ec909de9a637a1795a58a6ad5533209419ce0facc76ba2,14c6b2ca696a7eacda8f193e5c8a0a44e55d527e,DYN19_RESULTS_20260914_R1
mechanisms,dyn19_full_no_mapping,T+F+R+A+NoM (Full-NoM),tum_sitting_halfsphere,2,fail,true,true,677,16275618,16275618,7bb32f71e65142c15e791633fab5db8d6d28c134a1c946eb817b9932d07f9d5c,78481c4bba3ea3dd16e0c97dfc220dc6204f1941693f9a3151ad2a78e6de93ac,ee0bcb146f313cc016268c89bb583ec9b660b13a750aee86de23602b4b780b67,a501eb55666aec2e0d7e44366834122c82aeb43d99921fc6f8b82ca55307c6f4,14c6b2ca696a7eacda8f193e5c8a0a44e55d527e,DYN19_RESULTS_20260914_R1
mechanisms,dyn19_full_no_mapping,T+F+R+A+NoM (Full-NoM),tum_walking_halfsphere,0,fail,true,true,87,460486,460486,7bb32f71e65142c15e791633fab5db8d6d28c134a1c946eb817b9932d07f9d5c,3ad4165a4590deb82bace91f36f9295be3d9d871f39717664d8a6b46476dc271,143aaf9965c2ec2497a547203f658cabf285b214026f2fd0ed8e3aaec788babf,e7d089e821ca9c3a2d070234ea781906d1c132375800da13da8138d6a0ba518f,14c6b2ca696a7eacda8f193e5c8a0a44e55d527e,DYN19_RESULTS_20260914_R1
mechanisms,dyn19_full_no_mapping,T+F+R+A+NoM (Full-NoM),tum_walking_halfsphere,1,fail,true,true,80,443407,443407,7bb32f71e65142c15e791633fab5db8d6d28c134a1c946eb817b9932d07f9d5c,a6e191fb9d3289297622173f6ec9a46b2d5254764d39481fadbd7772e83a061d,a7a4339c40f242dc838e238feee4c637508ac1fff6b212623502f1f167f792d9,d926cc5a6d505e3c504ab62adc364f9677fe6e72f85c10d5ae7763bbf5f8fb4f,14c6b2ca696a7eacda8f193e5c8a0a44e55d527e,DYN19_RESULTS_20260914_R1
mechanisms,dyn19_full_no_mapping,T+F+R+A+NoM (Full-NoM),tum_walking_halfsphere,2,fail,true,true,88,414778,414778,7bb32f71e65142c15e791633fab5db8d6d28c134a1c946eb817b9932d07f9d5c,fb81f1132d2c8ae12035b93fda6e59b6c67cd5fb939a1adc68a6c072cdfcf259,41e7ef7b7e66dc02322d300facfe647c3e3bb1bffd73507404bc2025c3f6f5ab,d328f138cec2b0aaae3d14cadc63f05774610ab384b920ec3884d5babcb56dfa,14c6b2ca696a7eacda8f193e5c8a0a44e55d527e,DYN19_RESULTS_20260914_R1
mechanisms,dyn19_full_no_mapping,T+F+R+A+NoM (Full-NoM),tum_walking_static,0,fail,true,true,243,7902987,7902987,7bb32f71e65142c15e791633fab5db8d6d28c134a1c946eb817b9932d07f9d5c,12ec8ff8303683645127ee4800ddcc2c358bacc498ddbaf1db2322acb820e882,9427bb0d80f55a2aba7b4e386255c1bd47078ec9ed0f32a7d32f0c9d1497ae05,508e22f74aefd32ab9a1b590f166c0098d3db6837e2e066b4db0be867d9dbdb6,14c6b2ca696a7eacda8f193e5c8a0a44e55d527e,DYN19_RESULTS_20260914_R1
mechanisms,dyn19_full_no_mapping,T+F+R+A+NoM (Full-NoM),tum_walking_static,1,fail,true,true,297,9555511,9555511,7bb32f71e65142c15e791633fab5db8d6d28c134a1c946eb817b9932d07f9d5c,037962f23562fbaf2271f8c06a0fed0a69967e4de7faab35de3a9c4cdba2fe3a,d0a0de05ce04a013abc0dcab5d59000c57b771a3d7ca8aef12dfafee448dbe80,8573e4c2a607cc4378ac0632b439cd236e5f84f58ccf3a60866e3a4dbeefac65,14c6b2ca696a7eacda8f193e5c8a0a44e55d527e,DYN19_RESULTS_20260914_R1
mechanisms,dyn19_full_no_mapping,T+F+R+A+NoM (Full-NoM),tum_walking_static,2,fail,true,true,276,8400166,8400166,7bb32f71e65142c15e791633fab5db8d6d28c134a1c946eb817b9932d07f9d5c,44621a19062f530fc9dadd31c63d064610fed5432ba0a4cb6103c2567234b5e1,3aad1ed6ed080efae92caa6d3f41688afebb5bf616533547a6638b477d607f66,54a582455ed506a4c4cd9a0333472c3526c15dad55a5df80b0a594fe4dde7ebe,14c6b2ca696a7eacda8f193e5c8a0a44e55d527e,DYN19_RESULTS_20260914_R1
mechanisms,dyn19_full_no_mapping,T+F+R+A+NoM (Full-NoM),tum_walking_xyz,0,fail,true,true,24,489610,489610,7bb32f71e65142c15e791633fab5db8d6d28c134a1c946eb817b9932d07f9d5c,ef8a287eaf0f35c23ebbd6c659fc3afbf0a078f93ad92acf1c0858df4d7daaca,3817a18c1b9dc46c873aff746b45943cdca5c5eea4dd6af0bb68343ecdad9def,bab24546ea8f7208276e40c8cc2ee2ac228e1238c2c99b8c46180cd830663f97,14c6b2ca696a7eacda8f193e5c8a0a44e55d527e,DYN19_RESULTS_20260914_R1
mechanisms,dyn19_full_no_mapping,T+F+R+A+NoM (Full-NoM),tum_walking_xyz,1,fail,true,true,40,574477,574477,7bb32f71e65142c15e791633fab5db8d6d28c134a1c946eb817b9932d07f9d5c,3df8fab10297deb0b3d9034415231222584c3530ea514af609d67897edf3a85a,6748b5d42a586a76e2a3a427f1ff0327d2c90e7a1e31bb71773608e27774aa54,39704c94c214af23fb84e8b3b056d06914556e6e8e12053cf656dfaa8b47687c,14c6b2ca696a7eacda8f193e5c8a0a44e55d527e,DYN19_RESULTS_20260914_R1
mechanisms,dyn19_full_no_mapping,T+F+R+A+NoM (Full-NoM),tum_walking_xyz,2,fail,true,true,34,614782,614782,7bb32f71e65142c15e791633fab5db8d6d28c134a1c946eb817b9932d07f9d5c,0cb1cacb981ed7e67c40b6f9961de7558b400d1d4ef60c0c9214ce6a585f8e0b,d611acb00731fb83d9c9fabdec20990e5e196bb9045d56eba07394ebe9461815,a12bbe69320918766c3c0c03b70c26d111c0b7306e8eccdeaa0d3ea55c3484a8,14c6b2ca696a7eacda8f193e5c8a0a44e55d527e,DYN19_RESULTS_20260914_R1
mechanisms,dyn19_temporal_flow_map,T+F+M,bonn_balloon,0,pass,true,true,226,5486438,0,7bb32f71e65142c15e791633fab5db8d6d28c134a1c946eb817b9932d07f9d5c,a45fe626b6cfb8f3e57fdd596d2b3e389a479daa326ce8608c0c616b2969bbd8,be6d5d440b20d93033f828b25880540894f361fcac80c234af6954c9941bfc81,a9159e9c806b7c6a1c1187d1afe11522a04620926ab7538dee83de85194842a2,14c6b2ca696a7eacda8f193e5c8a0a44e55d527e,DYN19_RESULTS_20260914_R1
mechanisms,dyn19_temporal_flow_map,T+F+M,bonn_balloon,1,pass,true,true,226,5757244,0,7bb32f71e65142c15e791633fab5db8d6d28c134a1c946eb817b9932d07f9d5c,ceb84bb3fb30ce427640fc11ba6bf0aa52a748eeea3ef022a79a4916c5d8c9fe,b228d3b2718e2a5e585f4840559ebc49e00c737fd7e1ccea270e625a1c907312,1f26e83c7dedcfa526c16d9ec1e4d97abb3bb8d5139f9c5c013ae38afe294090,14c6b2ca696a7eacda8f193e5c8a0a44e55d527e,DYN19_RESULTS_20260914_R1
mechanisms,dyn19_temporal_flow_map,T+F+M,bonn_balloon,2,pass,true,true,226,5695291,0,7bb32f71e65142c15e791633fab5db8d6d28c134a1c946eb817b9932d07f9d5c,1723eb27227e7885567006b4e32f8a6e082ac690f084e3d5de1e9e2d806387a5,f6d54cb3290c9761d9db9cffd576d0a2b0bfa7921391718cf7382a0d8252031b,8b6c0c236553e9e91398c88095295214960fcb51367fbdc689a495480969b61f,14c6b2ca696a7eacda8f193e5c8a0a44e55d527e,DYN19_RESULTS_20260914_R1
mechanisms,dyn19_temporal_flow_map,T+F+M,bonn_crowd,0,pass,true,true,662,12347502,0,7bb32f71e65142c15e791633fab5db8d6d28c134a1c946eb817b9932d07f9d5c,a159db01f50d7367c08503d30e385a30f11972e656b122b47d09a0789a1c3bbb,65efa671dafcf791b473e109608a68ac6730c50d610b1bab25e03dfc71a53755,efca685baa271e2dae6eeea258b76b55395c535aec664c93012eec5b8493ffca,14c6b2ca696a7eacda8f193e5c8a0a44e55d527e,DYN19_RESULTS_20260914_R1
mechanisms,dyn19_temporal_flow_map,T+F+M,bonn_crowd,1,pass,true,true,662,12120966,0,7bb32f71e65142c15e791633fab5db8d6d28c134a1c946eb817b9932d07f9d5c,b4de5f3f9aa7fd51a979ee8f9a3fe6b31cb47cff4d9959b898a4565addf6b451,930e42802572896a997c2e2c44ee942f2e883f5c75ac0ac75fd4d3d08d52f05f,ff3e97180ace29f7301353d4cc9ff8c0910e84168dad6ebfd3334c2484bddd0e,14c6b2ca696a7eacda8f193e5c8a0a44e55d527e,DYN19_RESULTS_20260914_R1
mechanisms,dyn19_temporal_flow_map,T+F+M,bonn_crowd,2,pass,true,true,662,12302135,0,7bb32f71e65142c15e791633fab5db8d6d28c134a1c946eb817b9932d07f9d5c,1b6704cf3b04765270c948dbb4c6d8a178ea7c580aa92dd5552d4a63ab8ca59b,b95324334d57518dec0960db39240af17b9d3eb4a5e349dd65385fea4141b923,05f6bed1fbe174310edde00862626a0e4ea8c4853e9b9fb163fbcb38fae2f24e,14c6b2ca696a7eacda8f193e5c8a0a44e55d527e,DYN19_RESULTS_20260914_R1
mechanisms,dyn19_temporal_flow_map,T+F+M,bonn_crowd2,0,pass,true,true,732,6865183,0,7bb32f71e65142c15e791633fab5db8d6d28c134a1c946eb817b9932d07f9d5c,81990c5bde989bc3b7392af1ec74d2c5422ce2c9de73464d060e6ea4dff9dd7a,b0c8e0fd2d31b864f86352e8a2d33b45600bafc3dab55e3117c4cdcadb7ae3d3,2b091ab24e187974141b7bfef2bfc92cf856a2485bf78462fd9d75edf9c161f0,14c6b2ca696a7eacda8f193e5c8a0a44e55d527e,DYN19_RESULTS_20260914_R1
mechanisms,dyn19_temporal_flow_map,T+F+M,bonn_crowd2,1,pass,true,true,737,6693632,0,7bb32f71e65142c15e791633fab5db8d6d28c134a1c946eb817b9932d07f9d5c,6893153c64500b2df55be333e9aa867cd215676d70f4b89d666a02cf540af74c,c5c05c6147008d951bda79b47b1651d75850f15f61a803363b29585bab25b44f,ca57a96326af7d809700cd94722370b5fd71ed7c5e7b23923d2c512e3d3710d6,14c6b2ca696a7eacda8f193e5c8a0a44e55d527e,DYN19_RESULTS_20260914_R1
mechanisms,dyn19_temporal_flow_map,T+F+M,bonn_crowd2,2,pass,true,true,737,6383692,0,7bb32f71e65142c15e791633fab5db8d6d28c134a1c946eb817b9932d07f9d5c,c7084d68f8858c3ed462e45c1a7f3f7030fee899b9e8629cb9a040c61ff0a4ad,a2b2fa1570ca2b2dce05333766c8d287879b5299d7e38ecc593bf2bc919dcfd6,b0153de17360c153d1f2232d933cc15198bfbd9ad0a6f3dc95879e852edb515e,14c6b2ca696a7eacda8f193e5c8a0a44e55d527e,DYN19_RESULTS_20260914_R1
mechanisms,dyn19_temporal_flow_map,T+F+M,bonn_crowd3,0,pass,true,true,731,10839852,0,7bb32f71e65142c15e791633fab5db8d6d28c134a1c946eb817b9932d07f9d5c,49ee51ba68da6d4e97a0001f27d8d370ce9a316beb6cb6d561a3e7d23862c3f8,acebe28362972dad8fd760a8515b8dd08ec428c5cc271f7ac87ce51214e4068e,77ce2daeac03559ca4f7b0c2e81ff541a6536476bba44a2931844b5c0a0cb493,14c6b2ca696a7eacda8f193e5c8a0a44e55d527e,DYN19_RESULTS_20260914_R1
mechanisms,dyn19_temporal_flow_map,T+F+M,bonn_crowd3,1,pass,true,true,730,10927161,0,7bb32f71e65142c15e791633fab5db8d6d28c134a1c946eb817b9932d07f9d5c,d2b0b41daf3d1233c5091a3437f7009af5df721f25a38f368554f8599993379f,c384f9186daf4d0ba2bac35ee24e603c0f56d0b58157c3570b9d38a5b1cda6f5,e05344aa2e1c1d8a4b6aa9662d5f15083e025b911d3e1a43a81281ad34da0166,14c6b2ca696a7eacda8f193e5c8a0a44e55d527e,DYN19_RESULTS_20260914_R1
mechanisms,dyn19_temporal_flow_map,T+F+M,bonn_crowd3,2,pass,true,true,731,10716997,0,7bb32f71e65142c15e791633fab5db8d6d28c134a1c946eb817b9932d07f9d5c,89b52e02241bcc4e7a3fea13c00d61975668908d45880243d0b5e7e3be6f9567,59e0de03005c3fd9e71f2a456fac9152a521ca5618c64fd42ca2fbeefb55c059,e025731463c89f167b40b70401ee46a677ea077c62e7dbb27aaca9de970a2bda,14c6b2ca696a7eacda8f193e5c8a0a44e55d527e,DYN19_RESULTS_20260914_R1
mechanisms,dyn19_temporal_flow_map,T+F+M,bonn_person_tracking,0,pass,true,true,284,3023491,0,7bb32f71e65142c15e791633fab5db8d6d28c134a1c946eb817b9932d07f9d5c,c6cd2e93d2128d87e4457a45ed7d44e5c2cd4c7fe9a5f764830e7a6e2677abe5,86083034e073a1156abbeeae67da830ee4a46721757964bc3a596c033f1f32b5,7bf20a8a4a37760bf6583ec06a346cee8d4baacb7585157ae899fa93537dab9a,14c6b2ca696a7eacda8f193e5c8a0a44e55d527e,DYN19_RESULTS_20260914_R1
mechanisms,dyn19_temporal_flow_map,T+F+M,bonn_person_tracking,1,pass,true,true,283,2994968,0,7bb32f71e65142c15e791633fab5db8d6d28c134a1c946eb817b9932d07f9d5c,a3063825f8bf2f3125925de55a43837c6ee17040dab5fc7f87f1f31e0f3c38e8,d07c3059572225587cbaa631cd99fa817fee60f5925423ecbc0f2353d9eb1ecc,bd42d65ac5a8f3abe2818e00addd7175fb1c0d13c3ab7b996f50322abec0feef,14c6b2ca696a7eacda8f193e5c8a0a44e55d527e,DYN19_RESULTS_20260914_R1
mechanisms,dyn19_temporal_flow_map,T+F+M,bonn_person_tracking,2,pass,true,true,283,2783870,0,7bb32f71e65142c15e791633fab5db8d6d28c134a1c946eb817b9932d07f9d5c,ac3e780ff2e3716a72755ee57fd3881e489b147c4614c12fbac1d2f0a5c1c13a,87c8e447570fcd9668731b8107b6c84247d22199bf66cab7a56b1ff87764e568,fa4a2c0c02cb053f7ef6d5c73451f27ebf73d1ffe54d8f9654c67002b1e67339,14c6b2ca696a7eacda8f193e5c8a0a44e55d527e,DYN19_RESULTS_20260914_R1
mechanisms,dyn19_temporal_flow_map,T+F+M,bonn_person_tracking2,0,pass,true,true,356,3609681,0,7bb32f71e65142c15e791633fab5db8d6d28c134a1c946eb817b9932d07f9d5c,582e7ecd11377e039f2872ae07b2ba75f9bbba280bbb104ade157f7b134a2600,17aeaccaebd5e9f08ce850085aa664a613ce9cbf68dd7a3f45f850c34df033fe,208e5137d25480e442f49f81381ad00bba2d5ede2c3aac8b8923b4e06fb2a946,14c6b2ca696a7eacda8f193e5c8a0a44e55d527e,DYN19_RESULTS_20260914_R1
mechanisms,dyn19_temporal_flow_map,T+F+M,bonn_person_tracking2,1,pass,true,true,354,4592086,0,7bb32f71e65142c15e791633fab5db8d6d28c134a1c946eb817b9932d07f9d5c,31b8c69d61245f22423ab21e2b72d74149491fd3de4fa291dbf4700232d27bb4,2f5b10404f0249fdf6d8f587616014cb144667800c40eea1d98ec21265d32889,9dff422595533eb8e26d515aae3cb1aff8c7566d3110300d59fcd289fddc0ff2,14c6b2ca696a7eacda8f193e5c8a0a44e55d527e,DYN19_RESULTS_20260914_R1
mechanisms,dyn19_temporal_flow_map,T+F+M,bonn_person_tracking2,2,pass,true,true,355,3717946,0,7bb32f71e65142c15e791633fab5db8d6d28c134a1c946eb817b9932d07f9d5c,785b0a1f1747e5a56666e27fbbdfa3e412e5b7facc757de4d2d39df633e2756c,5956e3cebc966b7b84f740013223e93c5075548d26fd8394d2f53386b47040e9,89151ee6829192876dd3078bdaa0c438eef33ef4ef89238fe272120759ac3a46,14c6b2ca696a7eacda8f193e5c8a0a44e55d527e,DYN19_RESULTS_20260914_R1
mechanisms,dyn19_temporal_flow_map,T+F+M,tum_sitting_halfsphere,0,pass,true,true,1025,11377650,0,7bb32f71e65142c15e791633fab5db8d6d28c134a1c946eb817b9932d07f9d5c,a50dd86fa1194e73cfdd02fd102b933684da6af5c034daf051cbecc7e2391b70,52ba7eb51a04a9baa0dae13bb46b568b20fe5cf8ddda48027c7696799269511b,a63e914a83f534c1d1fe4ab4b0e0a42cd76f718e28d5057b6f95d87dde7764b9,14c6b2ca696a7eacda8f193e5c8a0a44e55d527e,DYN19_RESULTS_20260914_R1
mechanisms,dyn19_temporal_flow_map,T+F+M,tum_sitting_halfsphere,1,pass,true,true,1026,14303170,0,7bb32f71e65142c15e791633fab5db8d6d28c134a1c946eb817b9932d07f9d5c,9086cb18cf99899345b643de92f2dff5e1332fd550716d3f87bbd5285dbc6c81,0ea865dc1791932988f332b6af56440342b93fe1b0788f77a7908849e1dafe08,e3eed89c5dcc71bc36c9e3ce2226a59e4d8cf48cc5bd3f51705f43c901f073a3,14c6b2ca696a7eacda8f193e5c8a0a44e55d527e,DYN19_RESULTS_20260914_R1
mechanisms,dyn19_temporal_flow_map,T+F+M,tum_sitting_halfsphere,2,pass,true,true,1026,17503655,0,7bb32f71e65142c15e791633fab5db8d6d28c134a1c946eb817b9932d07f9d5c,0f05edc2e061d06d1241ece5b2d5dc85da279785d7a854f9caf5e4acf5ca899a,31270c65a25ddb424988a5c00f02d73ed793ac818759a2686fe4627d101b9d3a,ae55c541804be19276a2a9ee1103f6f9dc727c1318f4b3e3861d3a7f5c1e5e28,14c6b2ca696a7eacda8f193e5c8a0a44e55d527e,DYN19_RESULTS_20260914_R1
mechanisms,dyn19_temporal_flow_map,T+F+M,tum_walking_halfsphere,0,pass,true,true,845,6848559,0,7bb32f71e65142c15e791633fab5db8d6d28c134a1c946eb817b9932d07f9d5c,4df378030035b2b16c86cc0ff8f4b5afaacb9f18d1ca31e8bea76de3983dbc10,fbe04c078b06e57ba18ab6d1afff37bf8c6275f55e5b56ea12823142bfb30b0f,9c639383afabd7747a29ed5e0f579d436c41540e4b87c5ba85f667339eb368e7,14c6b2ca696a7eacda8f193e5c8a0a44e55d527e,DYN19_RESULTS_20260914_R1
mechanisms,dyn19_temporal_flow_map,T+F+M,tum_walking_halfsphere,1,pass,true,true,841,6764002,0,7bb32f71e65142c15e791633fab5db8d6d28c134a1c946eb817b9932d07f9d5c,5568a19e3315dbe2905be1badcc9cad443c3f093e667755da899f56855162dec,98c0b5f77bc5eb8fc5de1f96eba05037c5dd87bd49465307e20dac6fee8b5864,26a451d5b10e3328501cdb3cde940ec0d1bb8c06cadc8adb16451d3b053cae64,14c6b2ca696a7eacda8f193e5c8a0a44e55d527e,DYN19_RESULTS_20260914_R1
mechanisms,dyn19_temporal_flow_map,T+F+M,tum_walking_halfsphere,2,pass,true,true,847,6880358,0,7bb32f71e65142c15e791633fab5db8d6d28c134a1c946eb817b9932d07f9d5c,a9836bf6761d6e512ed769e04369f0bd3fb3e07f81fa5ba672a0990d25b0fd34,3ac2b2fbe4232e1ff4b722cd5760f0985d42f80a48a935e31db320e541c344f0,6317bbd077a189aa322545d9badb4cd4eda5672a39e3f370c315466eaa54f376,14c6b2ca696a7eacda8f193e5c8a0a44e55d527e,DYN19_RESULTS_20260914_R1
mechanisms,dyn19_temporal_flow_map,T+F+M,tum_walking_static,0,pass,true,true,609,12248782,0,7bb32f71e65142c15e791633fab5db8d6d28c134a1c946eb817b9932d07f9d5c,4dadf718176582c68dff6b8057606245bdcf70fd2d499fc85638190249936190,67665e20651a6e1d5a716d108a2a6e666bc8fc90b0dc9b2b98bfa777af2885dc,94f3d7bedcc20e382e6bc24f589f8ce14e2b3e3861fd169d7f187e5d976a507e,14c6b2ca696a7eacda8f193e5c8a0a44e55d527e,DYN19_RESULTS_20260914_R1
mechanisms,dyn19_temporal_flow_map,T+F+M,tum_walking_static,1,pass,true,true,610,12264301,0,7bb32f71e65142c15e791633fab5db8d6d28c134a1c946eb817b9932d07f9d5c,b9de0c75d03934f3b9de8d624fe04578c0d032b779fd8bef1d4992ea6594ed56,3351ecc25e4fdc97b481e6556b97e709f1080502a38ec8fac58f542254af9653,fbc2bd575660c94f12cd9769ae3e826934e4e3eeefd55155c9262e8722a9b002,14c6b2ca696a7eacda8f193e5c8a0a44e55d527e,DYN19_RESULTS_20260914_R1
mechanisms,dyn19_temporal_flow_map,T+F+M,tum_walking_static,2,pass,true,true,608,12949224,0,7bb32f71e65142c15e791633fab5db8d6d28c134a1c946eb817b9932d07f9d5c,3d1644b64010ded2b195ec7b8b349cf7f403133066fe019381971ea0b5991795,07ab9e4511752968dd105f6570ce4d8ea9c047b9849f4ccb611a992e752ef3d4,62355d3cbbad3163f6304ce7379045245676c820cf6979a42519507900e4f906,14c6b2ca696a7eacda8f193e5c8a0a44e55d527e,DYN19_RESULTS_20260914_R1
mechanisms,dyn19_temporal_flow_map,T+F+M,tum_walking_xyz,0,pass,true,true,671,7479991,0,7bb32f71e65142c15e791633fab5db8d6d28c134a1c946eb817b9932d07f9d5c,6c0e35b14a302d765be9f5554acf88bb405f113e57a5f38fa14ae1a8eb78160b,4b9150e58026cf843c9f2a30fd90cee21eed0914184e755606c76ce26e8d6832,44fa86b053c7be025d6e2697c6a49467dbaaa34fcb45e16da44c95f8a1c0e83e,14c6b2ca696a7eacda8f193e5c8a0a44e55d527e,DYN19_RESULTS_20260914_R1
mechanisms,dyn19_temporal_flow_map,T+F+M,tum_walking_xyz,1,pass,true,true,667,7490831,0,7bb32f71e65142c15e791633fab5db8d6d28c134a1c946eb817b9932d07f9d5c,bc1e765992b48353a8891972f7552ead34931f321f2df87d64db19f1acec3a2e,3a1b29bfaed34e3c2602411646836538a74871971bd380ea2aa7ed15b70aa42c,6c28ce1bc4ead337e44e56188da9d760cc0fa5e3c14a1f1a961f12e9f4d04517,14c6b2ca696a7eacda8f193e5c8a0a44e55d527e,DYN19_RESULTS_20260914_R1
mechanisms,dyn19_temporal_flow_map,T+F+M,tum_walking_xyz,2,pass,true,true,675,7544394,0,7bb32f71e65142c15e791633fab5db8d6d28c134a1c946eb817b9932d07f9d5c,99333fda9b696a0c8e519fb70bd0712208f8e23d688a07d7cfd44e7c8bd09fe1,9bada405c0c9221584a17c9f03aa689f0e3f7079ce1605bed564cb5a2c3f9e32,e0eb563efe9625a1d47e7bb43090e7455731fb699125c1920d04ed2496ea3fae,14c6b2ca696a7eacda8f193e5c8a0a44e55d527e,DYN19_RESULTS_20260914_R1
mechanisms,dyn19_temporal_flow_risk_map,T+F+R+M,bonn_balloon,0,pass,true,true,10,268767,0,7bb32f71e65142c15e791633fab5db8d6d28c134a1c946eb817b9932d07f9d5c,1e77729b9d978d82817d80e7a3dc49c8733468eaef3d4a45c51d67662ceb7393,5eef933a2cab8426be29c4cc97b4a09925dce02eedc05aefc4f3801e1bda078f,fb7c4e5cbafc3d4c38c3a83fa74a6ea412035c8cd0ca4ce66acc4bf9646f23b8,14c6b2ca696a7eacda8f193e5c8a0a44e55d527e,DYN19_RESULTS_20260914_R1
mechanisms,dyn19_temporal_flow_risk_map,T+F+R+M,bonn_balloon,1,pass,true,true,5,168890,0,7bb32f71e65142c15e791633fab5db8d6d28c134a1c946eb817b9932d07f9d5c,88ca7cfc265ef27f0d6830ea16a950c6a45fcfa9681c69b63137a9df42338d5b,1912e871051cab8fc72a385e795c0d1f9718eb9b3689029fc519af15e723f051,d5726a395f0ffe0ed0a01ca491f33774eecba94d23d41d94a039b4c2ac834754,14c6b2ca696a7eacda8f193e5c8a0a44e55d527e,DYN19_RESULTS_20260914_R1
mechanisms,dyn19_temporal_flow_risk_map,T+F+R+M,bonn_balloon,2,pass,true,true,5,182773,0,7bb32f71e65142c15e791633fab5db8d6d28c134a1c946eb817b9932d07f9d5c,41a2031cfabb33f404ccfe273ab7d9c494639c448aa66d06cb653a7056027dd4,79a033f0e3b478da55602f44b11ae2c1da4aff5f7e3f70803b211984edaaf7eb,501aa77b4bcbc6ab992ff50604614b5768e72d72cdf965a0baae47c3c20f2cf5,14c6b2ca696a7eacda8f193e5c8a0a44e55d527e,DYN19_RESULTS_20260914_R1
mechanisms,dyn19_temporal_flow_risk_map,T+F+R+M,bonn_crowd,0,pass,true,true,74,1951232,0,7bb32f71e65142c15e791633fab5db8d6d28c134a1c946eb817b9932d07f9d5c,f46e355301950e1038c58374d06dea0d1cfed9a8dbd172cfa0a383ee4bac7b8c,9a3583e7853e0d216c30a8d1e18b2a04a86314c19630288f2f78c560201dd30d,d4f2b6e4b928e943a789880db7e5f93f60b0a593788c84c56dab74b3ae6b165e,14c6b2ca696a7eacda8f193e5c8a0a44e55d527e,DYN19_RESULTS_20260914_R1
mechanisms,dyn19_temporal_flow_risk_map,T+F+R+M,bonn_crowd,1,pass,true,true,73,1942917,0,7bb32f71e65142c15e791633fab5db8d6d28c134a1c946eb817b9932d07f9d5c,c73c6949cb3de2c3039159706a0544ced365a86ba17775e57434d3152601cffc,5865807aef4c0bec65703b7891c280639abeaae1dc4c2c4370c76f7199c0b276,c1752f2fb73b65cee02fcb7ce15b21d878118a955a34edc1563cf2d9a7827794,14c6b2ca696a7eacda8f193e5c8a0a44e55d527e,DYN19_RESULTS_20260914_R1
mechanisms,dyn19_temporal_flow_risk_map,T+F+R+M,bonn_crowd,2,pass,true,true,73,2038359,0,7bb32f71e65142c15e791633fab5db8d6d28c134a1c946eb817b9932d07f9d5c,e47a455e4ce7fc80bfd5484fea739b1f5d41e02b2831de53da0ea4225d0c374b,b41ce02c885345a7d4832b4972282c0c191fbb00dcf434cd33ff092be532b19c,459f859eb8911609e88e3336db754d01a74866efd59cb57cc9c19e9899277f2a,14c6b2ca696a7eacda8f193e5c8a0a44e55d527e,DYN19_RESULTS_20260914_R1
mechanisms,dyn19_temporal_flow_risk_map,T+F+R+M,bonn_crowd2,0,pass,true,true,62,595183,0,7bb32f71e65142c15e791633fab5db8d6d28c134a1c946eb817b9932d07f9d5c,87038a0c8d19b42f7164c94194486f7aafdf32b4076f97b25371fe2085f297f8,b5e606424240ead9d5e354a150c69c0846c3ccda6ae18b7aecb268792eec39d4,75b1ac885c8b69981b9dadb829a32089eb37b50b03d58603519fbb0f738322b6,14c6b2ca696a7eacda8f193e5c8a0a44e55d527e,DYN19_RESULTS_20260914_R1
mechanisms,dyn19_temporal_flow_risk_map,T+F+R+M,bonn_crowd2,1,pass,true,true,53,533253,0,7bb32f71e65142c15e791633fab5db8d6d28c134a1c946eb817b9932d07f9d5c,d2371e914ed3754e22f950f4efee92daacf992fc3e055b3d565ba9deb9ab6b68,3d65a706dff5e3ec55dfdf65540b5314d10c66448f829569c2ebb6404a18ede1,6802e137b20709dbd7c122fd341f66e5284067a5cc10192db7b6b8a938e3a819,14c6b2ca696a7eacda8f193e5c8a0a44e55d527e,DYN19_RESULTS_20260914_R1
mechanisms,dyn19_temporal_flow_risk_map,T+F+R+M,bonn_crowd2,2,pass,true,true,57,478427,0,7bb32f71e65142c15e791633fab5db8d6d28c134a1c946eb817b9932d07f9d5c,f72c30f308bf9a7bd49d503ea36110940445c3218a1ff3586ada7d1d0d07c926,995c5e4ec5afd08f1f2683c2d7448da4d5f92755c794b83770ce48c4ffbed095,97e5599f97fdccea279ecf463f4778214349666603858662a07101bdd9105bd3,14c6b2ca696a7eacda8f193e5c8a0a44e55d527e,DYN19_RESULTS_20260914_R1
mechanisms,dyn19_temporal_flow_risk_map,T+F+R+M,bonn_crowd3,0,pass,true,true,101,1777736,0,7bb32f71e65142c15e791633fab5db8d6d28c134a1c946eb817b9932d07f9d5c,ed09d9b8b42751822e90faca57efe0a0feafa718382b79e15f96e2a19b2b9954,dec76685f19804ea5995f2757023a6548e8b2fb7d9620f91cdc9e1fc06571ce2,2086901753a9b96642a064832325c711b62e41c43497e5dcc836042b9854bcbe,14c6b2ca696a7eacda8f193e5c8a0a44e55d527e,DYN19_RESULTS_20260914_R1
mechanisms,dyn19_temporal_flow_risk_map,T+F+R+M,bonn_crowd3,1,pass,true,true,100,1560052,0,7bb32f71e65142c15e791633fab5db8d6d28c134a1c946eb817b9932d07f9d5c,c5c2d2a65f8ac8f12353c3174396831343985665e2d2b354b73e5023db223eac,55ef84e13f7af714e7dd2b4b1da314e2cc3497c843bafbc49c4de68aac856e51,7b6b14e66f1c74512bdd77f829d59ce9b165aafd04e158de994e41871e515224,14c6b2ca696a7eacda8f193e5c8a0a44e55d527e,DYN19_RESULTS_20260914_R1
mechanisms,dyn19_temporal_flow_risk_map,T+F+R+M,bonn_crowd3,2,pass,true,true,121,1977669,0,7bb32f71e65142c15e791633fab5db8d6d28c134a1c946eb817b9932d07f9d5c,fc1fcb5e3edd8df9127a94ebd1b933556438c29cb5633227a6b17ff741080ecd,1bb96b834342bfdda0ee066c674bc97ff2d30ac9803b3fb3dd59d68f6b45b4dd,994320f596a7f25514ff72d7b1237943547c084f9e6fcb2527f017f36ea5ff7c,14c6b2ca696a7eacda8f193e5c8a0a44e55d527e,DYN19_RESULTS_20260914_R1
mechanisms,dyn19_temporal_flow_risk_map,T+F+R+M,bonn_person_tracking,0,pass,true,true,24,284973,0,7bb32f71e65142c15e791633fab5db8d6d28c134a1c946eb817b9932d07f9d5c,21ed0b4df49c261f742c1fb74c1f59baa6122289f7b8c2901ffd491317ffa9b4,f969a80bdaa1369ccdce09684b08bba65396fb2b726f9259a54d65ead194bff0,acc5c92115358e2f5bf0ff7fab23289c41dc023a4490b6a54a0028ed8505f5fa,14c6b2ca696a7eacda8f193e5c8a0a44e55d527e,DYN19_RESULTS_20260914_R1
mechanisms,dyn19_temporal_flow_risk_map,T+F+R+M,bonn_person_tracking,1,pass,true,true,20,186951,0,7bb32f71e65142c15e791633fab5db8d6d28c134a1c946eb817b9932d07f9d5c,d87733dc5e69cb54cd4b675e6c6bdccddb48034c6b28cf1012311ae625df0fb7,ed50e4c1a992b4308fe475eec3b8326f1c597b466396623dd762aa19f36e02ad,895b2307882d493ba93a3a81a850c9ffbd5cb07bceb60193354356f99be8f82f,14c6b2ca696a7eacda8f193e5c8a0a44e55d527e,DYN19_RESULTS_20260914_R1
mechanisms,dyn19_temporal_flow_risk_map,T+F+R+M,bonn_person_tracking,2,pass,true,true,20,181749,0,7bb32f71e65142c15e791633fab5db8d6d28c134a1c946eb817b9932d07f9d5c,24d5bd8251776f02357d0c056fe01a28bb22b17eaa4d0a2b355933270bb178cb,74cd299b05a269f9c64a498a0fd1ba3192d30c15c289941fb97d4c54ea74eb52,438837afb4d99a4cd1acb9a160fc7659019f73caa8c15143b95fc44b348a10b8,14c6b2ca696a7eacda8f193e5c8a0a44e55d527e,DYN19_RESULTS_20260914_R1
mechanisms,dyn19_temporal_flow_risk_map,T+F+R+M,bonn_person_tracking2,0,pass,true,true,10,324155,0,7bb32f71e65142c15e791633fab5db8d6d28c134a1c946eb817b9932d07f9d5c,26523476aa08919a252821592bd5d410aef018f525590fa679a841a56aeb530d,f226d6a3d0afa634466e0ae24c574fa104c637370c269c519496b0414bcec9ae,2f10bc11fe254e839c042da421629f0cfbcb18b4adef7e1d36704e9f09b8dfdf,14c6b2ca696a7eacda8f193e5c8a0a44e55d527e,DYN19_RESULTS_20260914_R1
mechanisms,dyn19_temporal_flow_risk_map,T+F+R+M,bonn_person_tracking2,1,pass,true,true,10,296836,0,7bb32f71e65142c15e791633fab5db8d6d28c134a1c946eb817b9932d07f9d5c,811be0a377a2d982935f9a1cb525093609797985479461ef05bdc650c9824b6e,43042ebaf20baff99ca92808e1686d23585584ba1eb84c5b63efacf75bfa9bb3,fae48af72a64e3134354d9ff86ffbc2a5098c94cf42b1fddb5b77f262aae0468,14c6b2ca696a7eacda8f193e5c8a0a44e55d527e,DYN19_RESULTS_20260914_R1
mechanisms,dyn19_temporal_flow_risk_map,T+F+R+M,bonn_person_tracking2,2,pass,true,true,5,77254,0,7bb32f71e65142c15e791633fab5db8d6d28c134a1c946eb817b9932d07f9d5c,f8791b81dac97a7accf5efeb7e94dee3ccc0f66a65e67c9a79ce1db45c18edc7,5d6b3fe249ff7ef2dcb546ce797ad7efa85c32de4a371874907fcfc761c565c1,9f3dbb5f9177120ca1c6fe6304f9598606d3379c0e57d630cb81d8f1071fa347,14c6b2ca696a7eacda8f193e5c8a0a44e55d527e,DYN19_RESULTS_20260914_R1
mechanisms,dyn19_temporal_flow_risk_map,T+F+R+M,tum_sitting_halfsphere,0,pass,true,true,783,12977520,0,7bb32f71e65142c15e791633fab5db8d6d28c134a1c946eb817b9932d07f9d5c,2c0900c14942db42542f42f56d5d983433291b24683fa825e70d060ffb31edb0,222daeafe9bf12b3b9dc06820454a2226ef88a39eba3cf553d646c6ca1609c77,467c2fb52c6abdcf78005bc305342910f2a1b38810754e5db144aa2cf643bebe,14c6b2ca696a7eacda8f193e5c8a0a44e55d527e,DYN19_RESULTS_20260914_R1
mechanisms,dyn19_temporal_flow_risk_map,T+F+R+M,tum_sitting_halfsphere,1,pass,true,true,750,13389110,0,7bb32f71e65142c15e791633fab5db8d6d28c134a1c946eb817b9932d07f9d5c,b2e7b4a13b421f6e0c8ebf62f1e3923e0666cf998d86d45e93c2498b5d066944,1afbba12aadb08c0ec82fa74fcfbf5f44ed6b5dc312e4828ee007879760d45a4,38d8e3925f1528bf671018f84be3e73b6e633f1cad72251507ecf2564aa498b7,14c6b2ca696a7eacda8f193e5c8a0a44e55d527e,DYN19_RESULTS_20260914_R1
mechanisms,dyn19_temporal_flow_risk_map,T+F+R+M,tum_sitting_halfsphere,2,pass,true,true,785,11298994,0,7bb32f71e65142c15e791633fab5db8d6d28c134a1c946eb817b9932d07f9d5c,6b8d4611707a09e78b913bfeb3bc2356db24a86ce7be917a05e7e7b76e18c803,3415f17d7c3ac0a1dd362778b3d489df1d3bd04c04e110eb391c80cdb462ef71,b3b016431375a6354e431c6d13079b8e7f0722344153908afacffeeeab4b8ce1,14c6b2ca696a7eacda8f193e5c8a0a44e55d527e,DYN19_RESULTS_20260914_R1
mechanisms,dyn19_temporal_flow_risk_map,T+F+R+M,tum_walking_halfsphere,0,pass,true,true,115,635463,0,7bb32f71e65142c15e791633fab5db8d6d28c134a1c946eb817b9932d07f9d5c,2bde68e5f0cc97a8892aa72c75d648661c37d301b45d00e3ec27b9804b863c51,0151140c69967359259e15c8efb8caa5ad67de29fad8e02f4ddc5136eda165e1,77b27dea22366d4c2651bf21825f0253602c8fa7b03eaad482e2df23949b06a0,14c6b2ca696a7eacda8f193e5c8a0a44e55d527e,DYN19_RESULTS_20260914_R1
mechanisms,dyn19_temporal_flow_risk_map,T+F+R+M,tum_walking_halfsphere,1,pass,true,true,120,647024,0,7bb32f71e65142c15e791633fab5db8d6d28c134a1c946eb817b9932d07f9d5c,e841db5771f623794bb9c3554fac67222150480dcb8626e9a3f96d42da9a4d08,fc9a5ef08fb598bd49436a9031032acc3c10624c282e6280a552d4702e099dee,49494315db0c4a78143d15b719feabbb265af33f35ca2c861284a956e2852dbd,14c6b2ca696a7eacda8f193e5c8a0a44e55d527e,DYN19_RESULTS_20260914_R1
mechanisms,dyn19_temporal_flow_risk_map,T+F+R+M,tum_walking_halfsphere,2,pass,true,true,124,674975,0,7bb32f71e65142c15e791633fab5db8d6d28c134a1c946eb817b9932d07f9d5c,80f13aff26fcba01f232b81e6b539270b4fd1a435dd9f2857cab2f750453df2d,86f2878b77ff5ac7d54d7078d16f82fb2773974dc7fa4a107f32166d29a849ed,92f7017e932f7d2ee95f40bc1e6b061f9b05fa34229a726757040d5581b6dd53,14c6b2ca696a7eacda8f193e5c8a0a44e55d527e,DYN19_RESULTS_20260914_R1
mechanisms,dyn19_temporal_flow_risk_map,T+F+R+M,tum_walking_static,0,pass,true,true,255,7877576,0,7bb32f71e65142c15e791633fab5db8d6d28c134a1c946eb817b9932d07f9d5c,701227b92b68e55942b8a3a280cfa09e510db08e87d32f257ed02d6bc2390a2c,51f80800d29fea33fc9e2a34c60ac833e8595fc188c4c4bc86ab632a5a1597d4,fd01b7de6f91671268edfeda62fd48a28d162913b735c60ba4a4829849928ca1,14c6b2ca696a7eacda8f193e5c8a0a44e55d527e,DYN19_RESULTS_20260914_R1
mechanisms,dyn19_temporal_flow_risk_map,T+F+R+M,tum_walking_static,1,pass,true,true,243,7688781,0,7bb32f71e65142c15e791633fab5db8d6d28c134a1c946eb817b9932d07f9d5c,8763698d16f0edc03ca96b05423952b573b2e0fb654af3ca351f1baf1107c9f1,4981eeed678c8329a6ba58e931c7a1bab34e8c2d269e13a1e9f03e914483709e,15a7f0f04db39e47fc89e7a54ebf20457ae30c516825025eaa4e08941247ad5b,14c6b2ca696a7eacda8f193e5c8a0a44e55d527e,DYN19_RESULTS_20260914_R1
mechanisms,dyn19_temporal_flow_risk_map,T+F+R+M,tum_walking_static,2,pass,true,true,254,7822393,0,7bb32f71e65142c15e791633fab5db8d6d28c134a1c946eb817b9932d07f9d5c,1a1ac55bc6fcc4e8e42c9cadae6982baf563920c985d6948b78c02798e8f917b,5c30dd0ce6f6f432aca9a8487960ba277b8032fc9c2f01b5721a957cf233e016,56c1dc9fa089efc10dfb63f592df8bd01a3ce1c9989ace4d438a6a977852e04c,14c6b2ca696a7eacda8f193e5c8a0a44e55d527e,DYN19_RESULTS_20260914_R1
mechanisms,dyn19_temporal_flow_risk_map,T+F+R+M,tum_walking_xyz,0,pass,true,true,34,290147,0,7bb32f71e65142c15e791633fab5db8d6d28c134a1c946eb817b9932d07f9d5c,0769bef0f7cc2bb0f71f1c1b9eda14be1fff71d4e2ceac60a0f18dc44288deb6,bf8f7c752e18a0aed8ec763389e662870e27cd90603503c5e5878932cfb6318d,25d67f777c94d58d857fdef4868fa6980d4c5f0faeb153da5e7e7c99f789ae2f,14c6b2ca696a7eacda8f193e5c8a0a44e55d527e,DYN19_RESULTS_20260914_R1
mechanisms,dyn19_temporal_flow_risk_map,T+F+R+M,tum_walking_xyz,1,pass,true,true,32,309566,0,7bb32f71e65142c15e791633fab5db8d6d28c134a1c946eb817b9932d07f9d5c,6f4e21e6e7e87d4a7b3d58f938d6116f2aff0d6c61ec6b10b1822db1e0083232,768cb3aa434c3f4df1cab7d17fe905bff52e148c25ce2d8079b1d3a030f3f2a7,40a50bbc6ae94ede4db6adfcae02d730d2a30ca3c768d67dff23ae455c6e7d35,14c6b2ca696a7eacda8f193e5c8a0a44e55d527e,DYN19_RESULTS_20260914_R1
mechanisms,dyn19_temporal_flow_risk_map,T+F+R+M,tum_walking_xyz,2,pass,true,true,24,260288,0,7bb32f71e65142c15e791633fab5db8d6d28c134a1c946eb817b9932d07f9d5c,2b682c77e0554484ead0355eaa89bfa89740e77db3d6442ecb70c5f4a5890430,668a43e931d97d10d26fbf39052d60a9c9ebbbb9a3d18cfc31f2095890290bc3,1782f80fbe8415f12b3a252600518487c37e2c26e740ae0b7eece6967d7d5c20,14c6b2ca696a7eacda8f193e5c8a0a44e55d527e,DYN19_RESULTS_20260914_R1
mechanisms,dyn19_temporal_map,T+M,bonn_balloon,0,pass,true,true,345,17273734,0,7bb32f71e65142c15e791633fab5db8d6d28c134a1c946eb817b9932d07f9d5c,05f07f9cf94fed58cd9795954c8513052c7d9de096bae2578b328717c058f0e1,4f28e7efea5c4ff5b33fd049b917834940b227825893ac82ea5695197df29f7a,5a894dde95eebf443e5b9b40f5628606214796ec0be2be23ad58e2c885e08467,14c6b2ca696a7eacda8f193e5c8a0a44e55d527e,DYN19_RESULTS_20260914_R1
mechanisms,dyn19_temporal_map,T+M,bonn_balloon,1,pass,true,true,344,18649855,0,7bb32f71e65142c15e791633fab5db8d6d28c134a1c946eb817b9932d07f9d5c,55fcc37486991af5e929e4a1b63df66ef44a8133ec788f85a7aba888afc5dc49,9a5805ac92c5274f9eb4307411511701cd933b2be2f52bb4c48071879004a46a,a7fe8134c1607fea977cc5282dd3a9dc0b05dda7877519b772226f68e423d4ee,14c6b2ca696a7eacda8f193e5c8a0a44e55d527e,DYN19_RESULTS_20260914_R1
mechanisms,dyn19_temporal_map,T+M,bonn_balloon,2,pass,true,true,343,16956196,0,7bb32f71e65142c15e791633fab5db8d6d28c134a1c946eb817b9932d07f9d5c,6070ba2759762da4f1b0efe49410a72ba5cd623a8dd614894729ea41040b1944,8ed57fd5e443d0e4703358c4f228c0176466cebfc8303d01ec79a991ffa9bb1f,f7cf6ad1c35298b73955ecdb9a321e80050834211e8ea72cc9aaa29f1f6b22bc,14c6b2ca696a7eacda8f193e5c8a0a44e55d527e,DYN19_RESULTS_20260914_R1
mechanisms,dyn19_temporal_map,T+M,bonn_crowd,0,pass,true,true,760,39324394,0,7bb32f71e65142c15e791633fab5db8d6d28c134a1c946eb817b9932d07f9d5c,7a1eb61134a9539d827095930531973504d445b6e2d3c4a0965c07336740dd6d,de6f32202e1417cabce334a98141f23c07a6a3c549958ce974b14e328bdd9e60,5457ca95742dec84e5fca04297544cd263e90ccb92819c20c997b364b6d091fc,14c6b2ca696a7eacda8f193e5c8a0a44e55d527e,DYN19_RESULTS_20260914_R1
mechanisms,dyn19_temporal_map,T+M,bonn_crowd,1,pass,true,true,759,39763176,0,7bb32f71e65142c15e791633fab5db8d6d28c134a1c946eb817b9932d07f9d5c,d4f086f37fc9a7ef5e3382263c405b9556116d868c9b1115dc291a596b3e824d,61f0683913ad17c01f81497cb2b17a6209dd5e2dc1573dc363e46df66c904b72,b840387f6cbf9db5638dd20900f3147860638d3c9ace83b57f4792cc7e26bd81,14c6b2ca696a7eacda8f193e5c8a0a44e55d527e,DYN19_RESULTS_20260914_R1
mechanisms,dyn19_temporal_map,T+M,bonn_crowd,2,pass,true,true,760,38940273,0,7bb32f71e65142c15e791633fab5db8d6d28c134a1c946eb817b9932d07f9d5c,b644422fc6a5570e2fab38af4e0880afa812697fcfaa93a966fc62ce4eb38c44,2849e9c6c57e3efaf3cfc905aadf842608448f7444eb2042c92bde719ee97c7b,e0ace0e8da6b32a4c86267fd7ee669811e91954ba8521f03226e91565e065064,14c6b2ca696a7eacda8f193e5c8a0a44e55d527e,DYN19_RESULTS_20260914_R1
mechanisms,dyn19_temporal_map,T+M,bonn_crowd2,0,pass,true,true,854,35741432,0,7bb32f71e65142c15e791633fab5db8d6d28c134a1c946eb817b9932d07f9d5c,dca1eb0f0f5cc4c15ee7ee75373f252239ac714c9a5bee43b8b00495f1f40e30,4d7e3a9eae44f4e35bcff4d52841eed037f45a703809a4df59c03947cd040832,626e999e85e321370912b8257d4ad8ee335a7eafe4f50f18a6bc48116d6b46e0,14c6b2ca696a7eacda8f193e5c8a0a44e55d527e,DYN19_RESULTS_20260914_R1
mechanisms,dyn19_temporal_map,T+M,bonn_crowd2,1,pass,true,true,854,34341395,0,7bb32f71e65142c15e791633fab5db8d6d28c134a1c946eb817b9932d07f9d5c,c3d3d0e010d6650f7e6030b91e2e57dd8ea0b6814dcac74a69114cfbeef07223,1dc718694e94203ad2f446b719c9d1d98e718d8f6f78da60fa092aef50d98347,38bc484976141080a3b74dfeca7a4514e319c85a01796f52d533475b0b45ead9,14c6b2ca696a7eacda8f193e5c8a0a44e55d527e,DYN19_RESULTS_20260914_R1
mechanisms,dyn19_temporal_map,T+M,bonn_crowd2,2,pass,true,true,854,35162072,0,7bb32f71e65142c15e791633fab5db8d6d28c134a1c946eb817b9932d07f9d5c,dee92555a850c9d6d99d11cdc7c2c5611bc85d1960d912f7d20d4ed34f9898ce,30d3a76721f84ffe9a8c8e7a63397e3bb643d97ff08bcdeecf341c2032b302cb,3f6df550e8071ea6be4355b9f588124edc0a66c37231050e938544c8bf900281,14c6b2ca696a7eacda8f193e5c8a0a44e55d527e,DYN19_RESULTS_20260914_R1
mechanisms,dyn19_temporal_map,T+M,bonn_crowd3,0,pass,true,true,788,38437174,0,7bb32f71e65142c15e791633fab5db8d6d28c134a1c946eb817b9932d07f9d5c,8a088f83a585f60023940f0af8c85108aa030634f2b5b26af4a9d200268c3c48,584afb3578c9bc6dbb0d8ca0c81a6df5d66da264ae7ad7d7784c52ba9742e2d5,9d12a08d0f2353e98f6a6fc9d12b6cc1a4e675e6c8f5bb1e051cfde698a0b2ee,14c6b2ca696a7eacda8f193e5c8a0a44e55d527e,DYN19_RESULTS_20260914_R1
mechanisms,dyn19_temporal_map,T+M,bonn_crowd3,1,pass,true,true,789,38440354,0,7bb32f71e65142c15e791633fab5db8d6d28c134a1c946eb817b9932d07f9d5c,54c58d808ef140dc0f82ab11a7f182c7f9bc2dabb25dfe81e309ad0fcc43b705,c984d8f3a26ff0376654cf1623ff6e2ede6c00297dd3de6c38ed68b2db30f644,a7402364175f1b2d03b2a4abf98491cf5f4c0135b971b0b7f7e20745b70eddc2,14c6b2ca696a7eacda8f193e5c8a0a44e55d527e,DYN19_RESULTS_20260914_R1
mechanisms,dyn19_temporal_map,T+M,bonn_crowd3,2,pass,true,true,788,39182417,0,7bb32f71e65142c15e791633fab5db8d6d28c134a1c946eb817b9932d07f9d5c,30a5e9e18a0be19d13cb47c0a6c938475e557becd0a9747ef81dd7b41679c522,96a238a9e28dd50d468701513f89486bb9047ca08ed200aa8071a6c767c83497,d94dfa2b815518f475fef30bb5dab0e2aeaf2f98c43dd050aa476523e4a971ae,14c6b2ca696a7eacda8f193e5c8a0a44e55d527e,DYN19_RESULTS_20260914_R1
mechanisms,dyn19_temporal_map,T+M,bonn_person_tracking,0,pass,true,true,531,19513615,0,7bb32f71e65142c15e791633fab5db8d6d28c134a1c946eb817b9932d07f9d5c,2918143547b1c083804a703b04846653450c5b454595449730aa4f8b609dc9e7,59929a038c3d362cf31a6d12eb199073d2744196771309b8e410eed361bcbe47,dfc0d4299567a9e701783b3d53d77e120039709196d4b053a638d3c671d08302,14c6b2ca696a7eacda8f193e5c8a0a44e55d527e,DYN19_RESULTS_20260914_R1
mechanisms,dyn19_temporal_map,T+M,bonn_person_tracking,1,pass,true,true,531,18377612,0,7bb32f71e65142c15e791633fab5db8d6d28c134a1c946eb817b9932d07f9d5c,d8e9df2324bd3ca842370435655602f42becc9ef953fbeaf5e175679565b0784,72454dd265447898533f203d7ef08f83df161209461eb3ac72ec3a1d84b5dadf,77ee307c38c0cc7bd048ad28cd3ac40e5f182a1f08e3bcc59e0a279549e2da5b,14c6b2ca696a7eacda8f193e5c8a0a44e55d527e,DYN19_RESULTS_20260914_R1
mechanisms,dyn19_temporal_map,T+M,bonn_person_tracking,2,pass,true,true,531,18238867,0,7bb32f71e65142c15e791633fab5db8d6d28c134a1c946eb817b9932d07f9d5c,b7f3ac99c18d501b6c4bbee42fbad02a346e2fe772a77cdaf0c6c2283b6e9ed3,5542c6562309d9426067c0d1d3c5374515f7832fddf45b9be5b04952f4f81a64,817649cd59aa785916e4bd2f9d51e1ff090233ea2ef8aaf23d0b12f850c2abcb,14c6b2ca696a7eacda8f193e5c8a0a44e55d527e,DYN19_RESULTS_20260914_R1
mechanisms,dyn19_temporal_map,T+M,bonn_person_tracking2,0,pass,true,true,508,16241963,0,7bb32f71e65142c15e791633fab5db8d6d28c134a1c946eb817b9932d07f9d5c,de888fe6f726c080b73c5a7ca83ae972d8b3d44ca2f523f262e4a966cc311d05,3d58094decaf016c29cad6de12655c9d03f8e3af73467d91a6a4bde7577a335e,09eb58fa242ad801344c69d383ed2da5c1e9992cc609f1f5670e62767d5cde25,14c6b2ca696a7eacda8f193e5c8a0a44e55d527e,DYN19_RESULTS_20260914_R1
mechanisms,dyn19_temporal_map,T+M,bonn_person_tracking2,1,pass,true,true,510,18517671,0,7bb32f71e65142c15e791633fab5db8d6d28c134a1c946eb817b9932d07f9d5c,c698702f049a918deaf241ce8c7e0ace857f71a79ee7aa6023405d0bccf2884e,444a351c3002668024656853a676a3dfd87554ea17ed6d757e0fb15cd992c266,9c23157c41ded5812ecdf0b39f833f70aee41d70e7bc42625795da2208847bf5,14c6b2ca696a7eacda8f193e5c8a0a44e55d527e,DYN19_RESULTS_20260914_R1
mechanisms,dyn19_temporal_map,T+M,bonn_person_tracking2,2,pass,true,true,510,17369662,0,7bb32f71e65142c15e791633fab5db8d6d28c134a1c946eb817b9932d07f9d5c,c796a1083eb57d391918dfa522f3250a469e6a50c7c12e0a3a6934e9f2960112,915cc2d03cc8313c586704209e9baebd9fdfdd9de6531bb792dfc0f56fe6d686,5b79803f36c0ca217040a11169bdfef2090077d0ac35eb385bc4347a95605613,14c6b2ca696a7eacda8f193e5c8a0a44e55d527e,DYN19_RESULTS_20260914_R1
mechanisms,dyn19_temporal_map,T+M,tum_sitting_halfsphere,0,pass,true,true,1055,65245411,0,7bb32f71e65142c15e791633fab5db8d6d28c134a1c946eb817b9932d07f9d5c,1c0b56e18493702557eb5edb21e62d29a62113815f6a5e40aa14cf94cab7a077,fc733c3f79fc9d5bd11240b38f7c03784477967082ccb04eca4ac7ef42d74f34,174c8fa04607ca1e004caf7a9800b0c2aa2a690700bea46a2b69c95ca18246eb,14c6b2ca696a7eacda8f193e5c8a0a44e55d527e,DYN19_RESULTS_20260914_R1
mechanisms,dyn19_temporal_map,T+M,tum_sitting_halfsphere,1,pass,true,true,1055,65435524,0,7bb32f71e65142c15e791633fab5db8d6d28c134a1c946eb817b9932d07f9d5c,e84051b6867195ae352bdb6f4f77aa6d3a4a16c67ddc957942bee3ad7b27038f,080a7928b704d6697bfa30fdd239227c754bae2dde301115d70d22fd426f8c49,acbf43f47ce2234d297466d5e4e0b59d1bb1b4453ea4b2a4350d63671c5b10c8,14c6b2ca696a7eacda8f193e5c8a0a44e55d527e,DYN19_RESULTS_20260914_R1
mechanisms,dyn19_temporal_map,T+M,tum_sitting_halfsphere,2,pass,true,true,1055,65578873,0,7bb32f71e65142c15e791633fab5db8d6d28c134a1c946eb817b9932d07f9d5c,ad59dd4efd18175dabaa41845b8b182df29cfc8dd013f837b8f5427f84950399,378aa714918d04179f13facfe07071b6c5bd90fcd951f3c45da9d3db7eb28dd6,ac4b685e1063b4bb751dbf6c9a3a75106b239e3eb1410403132ce0571c239421,14c6b2ca696a7eacda8f193e5c8a0a44e55d527e,DYN19_RESULTS_20260914_R1
mechanisms,dyn19_temporal_map,T+M,tum_walking_halfsphere,0,pass,true,true,994,34559954,0,7bb32f71e65142c15e791633fab5db8d6d28c134a1c946eb817b9932d07f9d5c,2f8df1f653760b91f88999e1124c4d925448f2ce95f9f1bada6abea6f08f3047,441a8f0fd41bb0dc58ed9d38d63583e2924d843fe9af23073509b0fa713e2248,d96af7fecf24f0d28d1968754d2e7ad61a567d1cf29d26617638fdee40ff6b05,14c6b2ca696a7eacda8f193e5c8a0a44e55d527e,DYN19_RESULTS_20260914_R1
mechanisms,dyn19_temporal_map,T+M,tum_walking_halfsphere,1,pass,true,true,994,34032536,0,7bb32f71e65142c15e791633fab5db8d6d28c134a1c946eb817b9932d07f9d5c,84704353d03b0421b86a3f8fc70295959cc593cc2aee9dc866e9b13e71a2fae4,95f4ce6f1d522c6a3cc178cbe3e30b7c95c8bdd949fe7d3c26b63df8689de892,b1b6c4a72116ca06524c43905815ad18d62cec99f853665d4dff6f63ce98fac3,14c6b2ca696a7eacda8f193e5c8a0a44e55d527e,DYN19_RESULTS_20260914_R1
mechanisms,dyn19_temporal_map,T+M,tum_walking_halfsphere,2,pass,true,true,995,34973098,0,7bb32f71e65142c15e791633fab5db8d6d28c134a1c946eb817b9932d07f9d5c,0516a62090e20bde29d3bd61a73c7caa03dd088e776df8e38ebbb5adb75053fc,6f79b813e1406d3960fb59a0ae43c21cc88a9ac0d313b5842bd99114b2741d47,dfd465b2f76691389fef0a28cfbd228d31989b2b02084a887f39f1cf0c938f3f,14c6b2ca696a7eacda8f193e5c8a0a44e55d527e,DYN19_RESULTS_20260914_R1
mechanisms,dyn19_temporal_map,T+M,tum_walking_static,0,pass,true,true,665,22225749,0,7bb32f71e65142c15e791633fab5db8d6d28c134a1c946eb817b9932d07f9d5c,d65a584022c3ed347dc5e48bd6740f40c44ec7a4f701c36ee49f15d18b3d185d,e0fae37ea8f96e7eccb001ac877241fd73631a567800e934d03e68bd1666f65b,77c65946ad64ad29c7fb424bd95d5a3e7cb8c4425c55f65498d2d3eda6babe81,14c6b2ca696a7eacda8f193e5c8a0a44e55d527e,DYN19_RESULTS_20260914_R1
mechanisms,dyn19_temporal_map,T+M,tum_walking_static,1,pass,true,true,665,22750261,0,7bb32f71e65142c15e791633fab5db8d6d28c134a1c946eb817b9932d07f9d5c,ad43f17c36a90f18f85f69245d08c74a399f2130cf447c0987ab079f37ea0524,1d1a3d627115bbdd23ddd9bc6c8aecda59e2b716196d0ec945632e606e78d2bc,446f683d79d07aca352f14d670480716d71cdbd18a0678de986ce9109fca530e,14c6b2ca696a7eacda8f193e5c8a0a44e55d527e,DYN19_RESULTS_20260914_R1
mechanisms,dyn19_temporal_map,T+M,tum_walking_static,2,pass,true,true,665,22801350,0,7bb32f71e65142c15e791633fab5db8d6d28c134a1c946eb817b9932d07f9d5c,7dee15e4aa956b0f24fdea20cde1421fd1a0d50c7642555219e883ed00b9e7c1,49a347edf86bdccca6af265ebdb978712df673f41cf60ff4f25f6589ca9a09d4,00d86a50a6a47b4cbf245373724170e00404c13156518e2431933222438a45db,14c6b2ca696a7eacda8f193e5c8a0a44e55d527e,DYN19_RESULTS_20260914_R1
mechanisms,dyn19_temporal_map,T+M,tum_walking_xyz,0,pass,true,true,794,23963044,0,7bb32f71e65142c15e791633fab5db8d6d28c134a1c946eb817b9932d07f9d5c,16c3b1efe5ba456f56c2e89e4ead5a8e41bbb31d29dddd4102ecf5c11228b4f3,922be429f8d3317f229f3a739df30fca07e9c94e8cbfa1bce54d7853f2641cfd,6e90ba13828b60cb19a0d46fb4e4385ec7bd946f821b5c95bcc08459327b0bbc,14c6b2ca696a7eacda8f193e5c8a0a44e55d527e,DYN19_RESULTS_20260914_R1
mechanisms,dyn19_temporal_map,T+M,tum_walking_xyz,1,pass,true,true,794,23424831,0,7bb32f71e65142c15e791633fab5db8d6d28c134a1c946eb817b9932d07f9d5c,73a93e9342ea64e1b45cef661346a5384a32a9a41a2785b0a959f14d7472c082,31ab29a33d34ded616d7ba43caaffbd4c77556a8c0deb9535aec1a6d24e1aea1,faba124326a7d4dcea3029e97d17ee576ceb3da4411be2ac097cdc57230aff6c,14c6b2ca696a7eacda8f193e5c8a0a44e55d527e,DYN19_RESULTS_20260914_R1
mechanisms,dyn19_temporal_map,T+M,tum_walking_xyz,2,pass,true,true,795,24799202,0,7bb32f71e65142c15e791633fab5db8d6d28c134a1c946eb817b9932d07f9d5c,54a36e4550561aa75fefe3b7bcdc23612964d00839998c6d127745dee5801468,ced5e842888f42b8545fc105a03859931f21c9b2a1e4792bd84ef431e21f7ac7,47be4875f7cd1c06686422a67e7795cc11538148d35f1ad25e51efd52ce79921,14c6b2ca696a7eacda8f193e5c8a0a44e55d527e,DYN19_RESULTS_20260914_R1
