sequence,seed,config,pose_mode,frames,manifest_sha256,normal_metrics_sha256,proxy_metrics_sha256,psnr_full_mean,ssim_full_mean,psnr_static_mean,ssim_static_mean,proxy_coverage,background_proxy_color_error_mean,background_completeness_at_tau,ghost_risk_proxy_at_tau_high,config_label,source_commit,release_id
bonn_crowd2,0,dyn19_full,gt_aligned,20,328e512453229b08ae7188dfbfba2240e7d1bebc0b49558655c2c0041258aaea,f79c9c1b627e1cc1139d545e39f56b3835ada5587f5f595875babd56c0c68f93,a7f86bd0ef16d205ff98b058791cddd275aa95a107ae8bc4a919cba5e2e1221b,8.351898183249212,0.472992044687271,8.79789191365173,0.5073835422595343,0.5906953688597568,71.7676089956412,0.24103491119439466,0.4777130519797947,T+F+R+A+M (Full),14c6b2ca696a7eacda8f193e5c8a0a44e55d527e,DYN19_RESULTS_20260914_R1
bonn_crowd2,1,dyn19_full,gt_aligned,20,763e7dc6cdd6a7a53335dfce307129d73a5bb6ced7042d3ed6d4bc0a4f55c97f,f83210d90676f071c63917c03599618c6456fcea64a5ab26563d0a045d6a185d,d6eae6135f06af06aed85dab8a654cae1d3ba218a2a81282070968c50959c7ba,10.253821379000147,0.5133112053076425,10.988103063312627,0.556380248069763,0.6066367714071695,56.63641583440319,0.41190495572322333,0.3469506448059992,T+F+R+A+M (Full),14c6b2ca696a7eacda8f193e5c8a0a44e55d527e,DYN19_RESULTS_20260914_R1
bonn_crowd2,2,dyn19_full,gt_aligned,20,30233d9552abe1d88213860d9849556d5f63727095208b8e40f0436a32c87e42,c26d71a94ec0fc07c38468c5e369a7f60d05e6579673fe37bbb438ac71471f7a,a126c614e0a51b08dd6d03874959acdf0b3a1c308fd335d55f24d9e694f6a8e7,9.607266397909122,0.5072721362113952,10.075817748755908,0.5518310219049453,0.6224108493588131,64.24322114585719,0.32793324440971333,0.40758006494118915,T+F+R+A+M (Full),14c6b2ca696a7eacda8f193e5c8a0a44e55d527e,DYN19_RESULTS_20260914_R1
bonn_person_tracking2,0,dyn19_full,gt_aligned,12,3b92fb720767173d99846a2e590c8e82ef275e74e6e516e912d20f708628017e,f42c2463e863ac30a017482c77d46fba110d9586b76b844345b0b7cca7f6235a,f06bdf69e711c5d0ae6d713adbaa3a8f74a60d2c7cfc7c4d52c30ad699555991,12.11197292221386,0.5312164682481023,12.799673249563687,0.5648448252015643,0.3907507293379796,51.786499390504126,0.40545087978337757,0.3302756343907739,T+F+R+A+M (Full),14c6b2ca696a7eacda8f193e5c8a0a44e55d527e,DYN19_RESULTS_20260914_R1
bonn_person_tracking2,1,dyn19_full,gt_aligned,12,a7fabcb37e94044ea10c6b010c38554d6455b7c77c845f66683cd4c158d6485a,f5a910dceb449ecca1876942e156ce74ac39012399a1d5eb4fc82ba2ebc1d55f,e5219e46b7735c1b8333acac4b47bd6b5e61a5a54d2325243f574192d4d85c57,14.651103940930254,0.5745903236998452,15.865606088433195,0.6132556117243236,0.3323137494933788,41.14670910658994,0.5102199301082228,0.22641152517398275,T+F+R+A+M (Full),14c6b2ca696a7eacda8f193e5c8a0a44e55d527e,DYN19_RESULTS_20260914_R1
bonn_person_tracking2,2,dyn19_full,gt_aligned,13,078f86b2faf0c3381a95f1bff176e71db2b27635bb9660e8a6d4a0ba368877e4,36596dbde28f36d13e3b6eedf30cee08731481819992c05be4ecae51cdc6d52c,47c87c53b23ec07d3dbe51e91ac383b5e79872b9fc3ecb64d16cdb4d1bb3acd3,11.395239481726787,0.5198254378942343,12.090844620673822,0.5535618510001745,0.36559497163669347,57.77908497002812,0.3567126582638093,0.3794638206801201,T+F+R+A+M (Full),14c6b2ca696a7eacda8f193e5c8a0a44e55d527e,DYN19_RESULTS_20260914_R1
tum_sitting_halfsphere,0,dyn19_full,gt_aligned,20,28746abac6b884ad28e8d75902699183ec32ff794b06e3ee1fb93122c66fe600,ca795d61d31d598c91e238536199614f1f9f4dfdfcfc6dc3257c268588531c5e,588840798764eb2d5c8285fa9a824d443ee2ff85bfc789929c117fb88c36309c,14.837829157859982,0.4817892114321391,15.05142263002169,0.5124544848998388,0.3666513161530385,59.665136854162895,0.3641782721408332,0.395680100882217,T+F+R+A+M (Full),14c6b2ca696a7eacda8f193e5c8a0a44e55d527e,DYN19_RESULTS_20260914_R1
tum_sitting_halfsphere,1,dyn19_full,gt_aligned,20,b15f2d5beda1c32ce06fe0936b5f5f7305285febecb69a6ea5d5484cc082afef,6c27008de04225d235a5cc95a78fb91e93d9377ffd8dd4657a84504ad15066dc,95e8071b8e5dd664a8c2f2a0afa420c54816544647855b3b192a961921f743fb,14.927958128052069,0.4965640425682068,15.29822220792226,0.5287759924928348,0.36569743901907975,56.03752403712168,0.3834969166611773,0.374050549528505,T+F+R+A+M (Full),14c6b2ca696a7eacda8f193e5c8a0a44e55d527e,DYN19_RESULTS_20260914_R1
tum_sitting_halfsphere,2,dyn19_full,gt_aligned,20,d99264f5ee7300e7ee6ba0da21c995023f9c8a85ec3f80f74421ca58eed82cd5,2d84441a29ca19bb8b99b76e578e2f6fbdbd6dd3661d2e18716065f3b0f7111b,9bef85bae4ffbbc346fa959be80b45f7b8f3468c02583adb4b30299b48fb425a,14.31155057653894,0.4757395818829536,14.545806471671455,0.5280465923249721,0.32813240479527184,57.87891508225571,0.3644473156285232,0.3892372674743109,T+F+R+A+M (Full),14c6b2ca696a7eacda8f193e5c8a0a44e55d527e,DYN19_RESULTS_20260914_R1
tum_walking_xyz,0,dyn19_full,gt_aligned,20,748f509d72e59ac6899a702d81856e812a8b831f376b3d443664c1fb3b6f6906,1daab58551995ee0503fca6e1c8a5ae270eec3b05eaea0c51c8088a71ef6abda,5e61cabf6d0859df7c2c1c90da658c9f6546045de551cac0f323b31db0e9a8c8,14.252916185688415,0.4825991367300351,15.719262515041791,0.5173952907323838,0.6039994877616768,30.4894279053612,0.6438170153868876,0.13557208300676796,T+F+R+A+M (Full),14c6b2ca696a7eacda8f193e5c8a0a44e55d527e,DYN19_RESULTS_20260914_R1
tum_walking_xyz,1,dyn19_full,gt_aligned,20,14321cdb5c9de03530cd6ef894b0f59c40108c9633186e5d640e684e7dcf6218,57022f76829abbda8b42e5d30945e0ed76ac6f87d5c19abcfb57dc8636646eed,c8d8d0572547a63e926ffda42b9b42cc8a05d461217bd147890ff1e99cb3eea6,14.06424544249261,0.4526442691683769,15.376136066770078,0.48300567766030633,0.6039066569079675,30.296541463747868,0.6447869962108358,0.1384245600071251,T+F+R+A+M (Full),14c6b2ca696a7eacda8f193e5c8a0a44e55d527e,DYN19_RESULTS_20260914_R1
tum_walking_xyz,2,dyn19_full,gt_aligned,20,5441f830b5768d33597834e4c6e61b1f1925630f86bc9310b00e58985ddfaea8,695857135c33d2135ddf0d0f8b77226901ce18f55837dee8f3a573002cf9c6da,c68f3b921063257ee0e5136c26c4c36661bd0fcd24a610c1d7fe1eb995292ab9,13.919783596130245,0.450411231815815,15.282760056361003,0.4821226879954339,0.6008971259472261,31.60193115758514,0.6288556491771884,0.14670254932304458,T+F+R+A+M (Full),14c6b2ca696a7eacda8f193e5c8a0a44e55d527e,DYN19_RESULTS_20260914_R1
bonn_crowd2,0,dyn19_mapmatched,gt_aligned,20,328e512453229b08ae7188dfbfba2240e7d1bebc0b49558655c2c0041258aaea,ddb1536a3d243e1dce36a8ffe05f41f4c79d6df232b7d5321641c63afbb8c79b,e6dd84c2f26d6d90c9a38eea2d233fb61385ae3eac2d892ce645f343e4ff4250,10.108305765462948,0.513897826274236,10.751159774922153,0.5572166000803314,0.5906953688597568,57.45397550207756,0.3812326869806094,0.3566838438976699,MapMatched,14c6b2ca696a7eacda8f193e5c8a0a44e55d527e,DYN19_RESULTS_20260914_R1
bonn_crowd2,1,dyn19_mapmatched,gt_aligned,20,763e7dc6cdd6a7a53335dfce307129d73a5bb6ced7042d3ed6d4bc0a4f55c97f,f4e1f3f209cc5ee46878317eb64923487730568fd9d3538bd6086a5b09f09dc6,d93f850b67cad1b7c0867baaff94cc48d094182e8387f6dc3af315fc21250e00,10.09769381355878,0.50706693927447,10.747897928135927,0.5511106257637342,0.6066367714071695,58.71171142565434,0.34574037694841847,0.3794680117574482,MapMatched,14c6b2ca696a7eacda8f193e5c8a0a44e55d527e,DYN19_RESULTS_20260914_R1
bonn_crowd2,2,dyn19_mapmatched,gt_aligned,20,30233d9552abe1d88213860d9849556d5f63727095208b8e40f0436a32c87e42,f5142c58612fb9b18b0adbbc1a8745d4773fdbff6d44f38d89563c9bd97be660,484d08e94a5bcec16dd98c074a5c23b8a0e7756fc649c07b3f3912a9d956d55c,10.163565353817887,0.5136890321969986,10.736315596131844,0.5591674481829008,0.6224108493588131,58.86651419409601,0.38766656337155253,0.36441438406919874,MapMatched,14c6b2ca696a7eacda8f193e5c8a0a44e55d527e,DYN19_RESULTS_20260914_R1
bonn_person_tracking2,0,dyn19_mapmatched,gt_aligned,12,3b92fb720767173d99846a2e590c8e82ef275e74e6e516e912d20f708628017e,5f2ee5c0ab166a074b5948bd307e61c5254268e9791e8048fdb7edb5bd30d9a1,0d7e3f5a5ef6557d78bdf509b2b80e6fcea6bc127f799f0e399691a524081339,13.239840886584252,0.5576564197738965,14.231462692068988,0.5954318592945734,0.3907507293379796,46.6956408168471,0.46686157453509075,0.28623495881917227,MapMatched,14c6b2ca696a7eacda8f193e5c8a0a44e55d527e,DYN19_RESULTS_20260914_R1
bonn_person_tracking2,1,dyn19_mapmatched,gt_aligned,12,a7fabcb37e94044ea10c6b010c38554d6455b7c77c845f66683cd4c158d6485a,6418871923b18349ff9b39988259c9800814499cc7bd61aea9117ca69801c196,bd41e33f73fc97030aa785e3a86644b1579b254523f2279dd2c3c250d67c2f52,11.558510903127322,0.5157580036256048,12.154278871862111,0.5517781898379325,0.3323137494933788,56.502839664579206,0.37378660108919665,0.3612220109317908,MapMatched,14c6b2ca696a7eacda8f193e5c8a0a44e55d527e,DYN19_RESULTS_20260914_R1
bonn_person_tracking2,2,dyn19_mapmatched,gt_aligned,13,078f86b2faf0c3381a95f1bff176e71db2b27635bb9660e8a6d4a0ba368877e4,384e1297c160a2e5d95e5e0ad9b44033e21421d09318f13710a70b1bb1c59363,7715bac78b038d3ed96691c2ac89f3c6a22ed6daa318717021893fff3f5e41f9,13.14495097212322,0.5548332593379877,14.117504010806543,0.5912135724837964,0.36559497163669347,46.939011466727905,0.4449947442684116,0.2829382854004299,MapMatched,14c6b2ca696a7eacda8f193e5c8a0a44e55d527e,DYN19_RESULTS_20260914_R1
tum_sitting_halfsphere,0,dyn19_mapmatched,gt_aligned,20,28746abac6b884ad28e8d75902699183ec32ff794b06e3ee1fb93122c66fe600,6a42750f40ff74be99d2afeee43430a020d07557ebd9cfccbd9664bf56ba9ed9,5df84def864794c581d993ab070509fe9730430a832fda70cf2d4b37c4e020b7,10.456665241920936,0.3420816113551458,10.342119312158143,0.36379418373107913,0.3666513161530385,63.77384460219851,0.27656071019473083,0.4871787142541348,MapMatched,14c6b2ca696a7eacda8f193e5c8a0a44e55d527e,DYN19_RESULTS_20260914_R1
tum_sitting_halfsphere,1,dyn19_mapmatched,gt_aligned,20,b15f2d5beda1c32ce06fe0936b5f5f7305285febecb69a6ea5d5484cc082afef,f0148a54c3dcafa3c9cb4b2aaaf64c00d5f849a24a54fd307c32f9defa0e435d,cf6a73dd989821e4f9e929db40d35299da1da8e58e852d2eb35e1a017fe45ffc,8.79823891041267,0.3104903623461723,8.494090644868582,0.31326169446110724,0.36569743901907975,84.3123576457682,0.2057298924251714,0.5902605003268289,MapMatched,14c6b2ca696a7eacda8f193e5c8a0a44e55d527e,DYN19_RESULTS_20260914_R1
tum_sitting_halfsphere,2,dyn19_mapmatched,gt_aligned,20,d99264f5ee7300e7ee6ba0da21c995023f9c8a85ec3f80f74421ca58eed82cd5,879247938633593f2cec5e143d26718ace4db176564b3be5c3f81e04dcc52ba1,2ed457692b326e66ba513f8dd4d568fe27743a3a3910546fab2ae8164db8b07b,10.677556637790977,0.34663147528966276,10.719521461053775,0.39950294271111486,0.32813240479527184,62.80446818740416,0.288409203135036,0.45898228900200366,MapMatched,14c6b2ca696a7eacda8f193e5c8a0a44e55d527e,DYN19_RESULTS_20260914_R1
tum_walking_xyz,0,dyn19_mapmatched,gt_aligned,20,748f509d72e59ac6899a702d81856e812a8b831f376b3d443664c1fb3b6f6906,7be4ce96f6ae1103baa50c982472a7f6f90f000da6768853f38ac811f98bde37,46eafbb2cab68c674538c036c68735f37384da01873422b0fd552357d9c39f94,14.251535972192627,0.4836933404207229,15.67459228904157,0.5204474012056987,0.6039994877616768,29.246651997915762,0.6565322209861044,0.1263230364982979,MapMatched,14c6b2ca696a7eacda8f193e5c8a0a44e55d527e,DYN19_RESULTS_20260914_R1
tum_walking_xyz,1,dyn19_mapmatched,gt_aligned,20,14321cdb5c9de03530cd6ef894b0f59c40108c9633186e5d640e684e7dcf6218,6dff4ea88cdee45ac8fbf7acdb7c59378a443164916b54dea2e94dc6e26fa106,53c8b8e9fd5d1497bfb3f198b661c131c5c1c5518c0858a559dd58cb69469c3f,13.946722071427729,0.46900532891352975,15.354899925871635,0.5003554324309032,0.6039066569079675,30.144659576704505,0.6472807870999309,0.13212694883782805,MapMatched,14c6b2ca696a7eacda8f193e5c8a0a44e55d527e,DYN19_RESULTS_20260914_R1
tum_walking_xyz,2,dyn19_mapmatched,gt_aligned,20,5441f830b5768d33597834e4c6e61b1f1925630f86bc9310b00e58985ddfaea8,52efff364765d6a6bd7ba7707d58c2dea2dc46798d6b1f4becbbe27051f96bca,b09f748feb8fe36ac41aa145b38c2a94dfebe8300104e6ed91f8be69ae99dfc1,14.404540236766104,0.4981735254327456,15.977651820577796,0.5350879460573197,0.6008971259472261,28.521848361634433,0.6655807441710193,0.12012183558751022,MapMatched,14c6b2ca696a7eacda8f193e5c8a0a44e55d527e,DYN19_RESULTS_20260914_R1
bonn_crowd2,0,dyn19_semantic,gt_aligned,20,328e512453229b08ae7188dfbfba2240e7d1bebc0b49558655c2c0041258aaea,8dbb600435c8bff405807a3cd4a9fda0ab395eaeb40abe54709d3bd092deca47,e5b8aaaa30bdbfe6fa57ffdf7d2b9ce63529eee8d975212b9b01146bee0d144e,10.667286608112905,0.5220381031433742,11.467817356828608,0.5660407344500223,0.5906953688597568,53.83509845506762,0.369627871924393,0.33559353104122536,Semantic,14c6b2ca696a7eacda8f193e5c8a0a44e55d527e,DYN19_RESULTS_20260914_R1
bonn_crowd2,1,dyn19_semantic,gt_aligned,20,763e7dc6cdd6a7a53335dfce307129d73a5bb6ced7042d3ed6d4bc0a4f55c97f,532c55ec7540ebd790bc804f896b7bbd411315cbc712beb9f1de29e19c030a40,8f5f7fa9e38beab425bd2bc90af264d0b06c4aea68e03d3306b70e8856717f21,9.601370164941521,0.5320548767844837,9.63100978991795,0.5545856562753518,0.6066367714071695,69.93197245218511,0.21516581356186537,0.5396078300603466,Semantic,14c6b2ca696a7eacda8f193e5c8a0a44e55d527e,DYN19_RESULTS_20260914_R1
bonn_crowd2,2,dyn19_semantic,gt_aligned,20,30233d9552abe1d88213860d9849556d5f63727095208b8e40f0436a32c87e42,bf9ecd54f211129d05c57beeaed50499bbb0e2d08878b09c614952ba25c00bcd,536002552347dd60c9f5a241ced6d9ef4eb2ccc2c6550afcf072890458d67482,9.517407643984615,0.4963244224588076,10.131919882577787,0.5417120297749837,0.6224108493588131,66.26295141087652,0.2892703322958911,0.4420051827200747,Semantic,14c6b2ca696a7eacda8f193e5c8a0a44e55d527e,DYN19_RESULTS_20260914_R1
bonn_person_tracking2,0,dyn19_semantic,gt_aligned,12,3b92fb720767173d99846a2e590c8e82ef275e74e6e516e912d20f708628017e,77068c797bfaf6509294d66dfdbbd356f613f7d19ae48a2e4568984a5f1cc0e5,e6b5a9bcc10f97ccadcc4c04430b764c66494a3641989cce4770a4fc84034b62,12.961469235148586,0.5471433169311948,13.899576982714914,0.5826681372192171,0.3907507293379796,43.27018418548296,0.4881657240124205,0.24163506771903834,Semantic,14c6b2ca696a7eacda8f193e5c8a0a44e55d527e,DYN19_RESULTS_20260914_R1
bonn_person_tracking2,1,dyn19_semantic,gt_aligned,12,a7fabcb37e94044ea10c6b010c38554d6455b7c77c845f66683cd4c158d6485a,007ec6bb01b88bd45e5bff4ea0f0356d34dd5b46ebe2ac53a4b9665195b9b978,96c47a5b329660b08fe9c6c4bfdde28e0d2467060dd9f2fd50175d79d3e65d02,12.541582735093542,0.5364099964499474,13.502210383725327,0.5750860373179117,0.3323137494933788,52.93486101293296,0.40533248374667713,0.33005445983214027,Semantic,14c6b2ca696a7eacda8f193e5c8a0a44e55d527e,DYN19_RESULTS_20260914_R1
bonn_person_tracking2,2,dyn19_semantic,gt_aligned,13,078f86b2faf0c3381a95f1bff176e71db2b27635bb9660e8a6d4a0ba368877e4,818762026d7b1fdfe80ae084b4e34d88312644a2afa9a151f078f0389b3fa508,b629664f11199cb87575d2ba0d47a5d7de9b7b8b5166d0c708be0610c4e8e7d9,11.1016024230872,0.5155152762547518,11.67287396485416,0.5480305460783151,0.36559497163669347,56.74487477390884,0.37427911249159557,0.3722194338961543,Semantic,14c6b2ca696a7eacda8f193e5c8a0a44e55d527e,DYN19_RESULTS_20260914_R1
tum_sitting_halfsphere,0,dyn19_semantic,gt_aligned,20,28746abac6b884ad28e8d75902699183ec32ff794b06e3ee1fb93122c66fe600,bd556ed9ecc1b8c760148cd4d761acef0d5f1efdf0f873d6d4b51ab98a0a016f,a59b9d7957a30185c3b9c8eadaf615a4784cabf0f48f6f146f6ca376d1edd4e9,10.481386864819196,0.35226659178733827,10.479250692045953,0.37765875135858856,0.3666513161530385,63.76027866326039,0.28832569683085146,0.4581210687084263,Semantic,14c6b2ca696a7eacda8f193e5c8a0a44e55d527e,DYN19_RESULTS_20260914_R1
tum_sitting_halfsphere,1,dyn19_semantic,gt_aligned,20,b15f2d5beda1c32ce06fe0936b5f5f7305285febecb69a6ea5d5484cc082afef,1539795f525051c7f812d0dacaf9aaa88ec5794a0f862845123b3b1605f4be3c,ffdc9f84976e31d606f4cdb8004e4332e8496f5e26ff7940974bc851010de35d,8.784066477089471,0.3261758292714754,8.38257519156448,0.33531402920683223,0.36569743901907975,76.61383350603747,0.19493947332417874,0.5917033610166658,Semantic,14c6b2ca696a7eacda8f193e5c8a0a44e55d527e,DYN19_RESULTS_20260914_R1
tum_sitting_halfsphere,2,dyn19_semantic,gt_aligned,20,d99264f5ee7300e7ee6ba0da21c995023f9c8a85ec3f80f74421ca58eed82cd5,f046867b85e74706ab9ae3b3ae5bfae508eddfac80ffb97e5fabd947f15e87df,255300cf57baae5516a7a1b378cf9c31894aa1d46e0db0a904a2a2b9ebe2910f,10.651686493287453,0.36604308883349107,10.581397053702641,0.40944158112009366,0.32813240479527184,62.62734536755488,0.2938830165749002,0.46480633739630633,Semantic,14c6b2ca696a7eacda8f193e5c8a0a44e55d527e,DYN19_RESULTS_20260914_R1
tum_walking_xyz,0,dyn19_semantic,gt_aligned,20,748f509d72e59ac6899a702d81856e812a8b831f376b3d443664c1fb3b6f6906,11a5c38b074beffd7b61a4ae7b5b419c829fee860db37d4b8e17a58602b28521,bf68d408c7606b8c16b284ecb44d825fca6f32f60f9db2e40e3e516ab559639d,13.851173594297782,0.44671703378359473,15.166725139261336,0.4761178870995839,0.6039994877616768,31.047629660573243,0.6355446872476315,0.13754815102448228,Semantic,14c6b2ca696a7eacda8f193e5c8a0a44e55d527e,DYN19_RESULTS_20260914_R1
tum_walking_xyz,1,dyn19_semantic,gt_aligned,20,14321cdb5c9de03530cd6ef894b0f59c40108c9633186e5d640e684e7dcf6218,4147064e0e7c41eeca9cee7930d47d8d8942be2670a8eeef704e87cfe74d4cbf,cefe77a86586c7d1e89d7532014c233cb9e2a2f599ffd83771fbd388c13b98fd,14.016224382224427,0.464946810901165,15.329970000088602,0.49501581589380905,0.6039066569079675,30.282586170790854,0.6479335470116786,0.13621148970183866,Semantic,14c6b2ca696a7eacda8f193e5c8a0a44e55d527e,DYN19_RESULTS_20260914_R1
tum_walking_xyz,2,dyn19_semantic,gt_aligned,20,5441f830b5768d33597834e4c6e61b1f1925630f86bc9310b00e58985ddfaea8,b71d33a37cca090d6df7d237c8cefa079c5a3ca0411adb9341a460c5e68e837d,976ba9e3620fd6ba6ed46daeac6ae61695cb3ec476d1a49e7d30ab68a667bb8b,13.544008584786493,0.4123990848660469,14.741217017532104,0.43926252375046404,0.6008971259472261,32.7935120023725,0.620275183607916,0.16054250081356392,Semantic,14c6b2ca696a7eacda8f193e5c8a0a44e55d527e,DYN19_RESULTS_20260914_R1
bonn_crowd2,0,dyn19_full,online,20,328e512453229b08ae7188dfbfba2240e7d1bebc0b49558655c2c0041258aaea,e87e7e94a7d3766ed98921a871bee8615cc97073ad6fa033f7f96942167a2f49,84811169ed9a653d9b30d44982572c2aa8e3c711a6c9baace6045aa13c9aa419,15.686885637886888,0.7443565448125204,23.29637163452849,0.8487996091445286,0.5906953688597568,24.81979606918079,0.7255061512139482,0.07619867198957145,T+F+R+A+M (Full),14c6b2ca696a7eacda8f193e5c8a0a44e55d527e,DYN19_RESULTS_20260914_R1
bonn_crowd2,1,dyn19_full,online,20,763e7dc6cdd6a7a53335dfce307129d73a5bb6ced7042d3ed6d4bc0a4f55c97f,ea04ec92e83eb26fd549f05021be84df319509983f90f8cdca50318c4bfb9129,f13d12ec5f3829584603a1ae22ab54aafcba70c59ccaf646f08b3aa25cf8cd66,16.14917365056001,0.7564410388469696,23.411818255618016,0.8648996363083523,0.6066367714071695,24.86019594888825,0.7186892230256893,0.07361155109458625,T+F+R+A+M (Full),14c6b2ca696a7eacda8f193e5c8a0a44e55d527e,DYN19_RESULTS_20260914_R1
bonn_crowd2,2,dyn19_full,online,20,30233d9552abe1d88213860d9849556d5f63727095208b8e40f0436a32c87e42,21e51b379c304a603e6f15c51a833d0b6a48e7d4ae410a50a63dfd8981c9d6ae,0b9096607a372c2250bdab4e1a008a90436da9045eff2d3551ca7ec07dedf93e,16.20508741088262,0.75147565305233,23.42507716846599,0.8625940173864365,0.6224108493588131,23.97086002726093,0.733958493328483,0.0658412039719217,T+F+R+A+M (Full),14c6b2ca696a7eacda8f193e5c8a0a44e55d527e,DYN19_RESULTS_20260914_R1
bonn_person_tracking2,0,dyn19_full,online,12,3b92fb720767173d99846a2e590c8e82ef275e74e6e516e912d20f708628017e,76050f594a9023491eb30ba1843d572a97c17daff8ae9d726ac3a1e5a59d6215,ec3a95b55a30adfa601363c25acf1880dd02d3ef1a7ecce19622fd569e0fb818,17.913122422381196,0.7638541377253003,21.52636496225948,0.8058334738016129,0.3907507293379796,33.87949702487528,0.6056353227998057,0.15931265543984263,T+F+R+A+M (Full),14c6b2ca696a7eacda8f193e5c8a0a44e55d527e,DYN19_RESULTS_20260914_R1
bonn_person_tracking2,1,dyn19_full,online,12,a7fabcb37e94044ea10c6b010c38554d6455b7c77c845f66683cd4c158d6485a,7fafa5b4a6772b856032e3751018b19ab1e2dcbda3796e392b625cf9c1260cbf,8b4f4227f911b4fbe7995f0d35e9c9be7dcdc8d04f0f4b310479d86198059997,18.212067847800682,0.7612931893931495,21.786452430128293,0.8061357769701215,0.3323137494933788,34.29758546061867,0.5831881403012714,0.16252327236885336,T+F+R+A+M (Full),14c6b2ca696a7eacda8f193e5c8a0a44e55d527e,DYN19_RESULTS_20260914_R1
bonn_person_tracking2,2,dyn19_full,online,13,078f86b2faf0c3381a95f1bff176e71db2b27635bb9660e8a6d4a0ba368877e4,542d1f1be74ba9df26bbe376df52cc4870643570cd91ed533521c028bd871d15,10060d09351055eb5fe865a8b47cd9c6d6c706af42fff3b5bd844ebde31a93dc,18.105614642241814,0.7479384449812082,21.28995642203083,0.7894883828285411,0.36559497163669347,34.791008911069234,0.5798871201431832,0.1621085426945331,T+F+R+A+M (Full),14c6b2ca696a7eacda8f193e5c8a0a44e55d527e,DYN19_RESULTS_20260914_R1
tum_sitting_halfsphere,0,dyn19_full,online,20,28746abac6b884ad28e8d75902699183ec32ff794b06e3ee1fb93122c66fe600,f8b59177773a2423ba1d5de87bbb4acf008d0cf2d2f52a5d4875b5fe7da055bc,9228289840fc87fabdf15f3aedb59856e15632564a224d2bdb3923a45ab5da95,16.22092815118727,0.579668860634168,16.770187795036087,0.624732647339503,0.3666513161530385,60.621892646851954,0.3556211189485742,0.40482883181608087,T+F+R+A+M (Full),14c6b2ca696a7eacda8f193e5c8a0a44e55d527e,DYN19_RESULTS_20260914_R1
tum_sitting_halfsphere,1,dyn19_full,online,20,b15f2d5beda1c32ce06fe0936b5f5f7305285febecb69a6ea5d5484cc082afef,a4a13e26d01ab204b71a63edd0137f694c80993dbafc907aef7831c941ab366d,19d50e6300633070c588b2f083d99868be290c0c9ee65aa09dd4610da9d6fe54,15.855116915724887,0.5699849193294843,16.55121368618262,0.6130071039001147,0.36569743901907975,55.376722026997584,0.3841189048953388,0.3690885782185041,T+F+R+A+M (Full),14c6b2ca696a7eacda8f193e5c8a0a44e55d527e,DYN19_RESULTS_20260914_R1
tum_sitting_halfsphere,2,dyn19_full,online,20,d99264f5ee7300e7ee6ba0da21c995023f9c8a85ec3f80f74421ca58eed82cd5,65a9aa478bc5a04a06fd9e003f52ccfbb3fe35165888af6d7e5835f20a5e9c63,887e5207bc67c17b2d9832346a30bec78f199fab0c49efbba2cc724f3a9531e5,16.25426801504207,0.5792798459529875,17.4735661286962,0.6412273277839025,0.32813240479527184,55.248337157453506,0.3733207595271952,0.36930357697557886,T+F+R+A+M (Full),14c6b2ca696a7eacda8f193e5c8a0a44e55d527e,DYN19_RESULTS_20260914_R1
tum_walking_xyz,0,dyn19_full,online,20,748f509d72e59ac6899a702d81856e812a8b831f376b3d443664c1fb3b6f6906,771c7c8b1df345c34322c7a0012b466fa80c70d4dba7e0d3bcf52d5e5b89b56e,2e832f7f25b5cadc928d3ae86f2dd6abba8d9e48dab227228a203c7bf4cba88b,15.271711208514684,0.5860176573197047,17.44520645532698,0.6374648049473761,0.6039994877616768,30.68779303993803,0.6405688312492704,0.13774825917817488,T+F+R+A+M (Full),14c6b2ca696a7eacda8f193e5c8a0a44e55d527e,DYN19_RESULTS_20260914_R1
tum_walking_xyz,1,dyn19_full,online,20,14321cdb5c9de03530cd6ef894b0f59c40108c9633186e5d640e684e7dcf6218,c6b326afcd3b87af66e7ac1399fa754e6df6c828921ac79b899303602072370b,5d65473f5981baafba3f3a0d75b556b47f2306d0167740f48d3f9315745be5cc,15.246333521299878,0.576812656223774,17.261686826797494,0.6259488021334012,0.6039066569079675,29.795175298166974,0.6530710719129473,0.1324989881657672,T+F+R+A+M (Full),14c6b2ca696a7eacda8f193e5c8a0a44e55d527e,DYN19_RESULTS_20260914_R1
tum_walking_xyz,2,dyn19_full,online,20,5441f830b5768d33597834e4c6e61b1f1925630f86bc9310b00e58985ddfaea8,2188ba342b4428688f933bd8d195b41cbb7f836516f899c34ecd7e25c9ca69f7,a2a858e862a11615257395ac67713ba6d3e3cbe40ce029548d5a83889ae21df4,14.948114097605218,0.5664093246062596,16.913364166732244,0.6140004177888234,0.6008971259472261,31.171807679322804,0.634501431638389,0.14147466948233922,T+F+R+A+M (Full),14c6b2ca696a7eacda8f193e5c8a0a44e55d527e,DYN19_RESULTS_20260914_R1
bonn_crowd2,0,dyn19_mapmatched,online,20,328e512453229b08ae7188dfbfba2240e7d1bebc0b49558655c2c0041258aaea,175038abf53719b45ec5d568c389eebaf2b61b14997f200089e8c3f89f0c0dd3,d70ff48c446c18be71c275f7d164248c29ba70a32a0b6afd3df279c4997b7418,15.70898491715755,0.7445652405420939,23.100444274463126,0.8485183139642081,0.5906953688597568,24.919902684281816,0.7245722665797621,0.07698896040410624,MapMatched,14c6b2ca696a7eacda8f193e5c8a0a44e55d527e,DYN19_RESULTS_20260914_R1
bonn_crowd2,1,dyn19_mapmatched,online,20,763e7dc6cdd6a7a53335dfce307129d73a5bb6ced7042d3ed6d4bc0a4f55c97f,9ab115d9bc1b877eab6a48b22f2d615a91e1fce99fe49827704e614bffabf9ba,bb2b6001aa7d94964aa3af2f139e6922bdfa4b66d724c6bd86089371118a273c,16.095937882028704,0.7457935680945714,22.846913464416993,0.849606759349505,0.6066367714071695,24.607779673384602,0.7286606924811374,0.07199720677240001,MapMatched,14c6b2ca696a7eacda8f193e5c8a0a44e55d527e,DYN19_RESULTS_20260914_R1
bonn_crowd2,2,dyn19_mapmatched,online,20,30233d9552abe1d88213860d9849556d5f63727095208b8e40f0436a32c87e42,acfc878ee5de846437420278805cd4a2f178fd669eac0bf44a2efc2c8a879578,fce9f998ec43378b4564b7a20e8f1ec925caf2b4f6e9b9296482ec617b64048d,16.07501420140627,0.7405955225229264,23.059199648017138,0.8488273849089941,0.6224108493588131,24.572259423433618,0.7245891773666931,0.06824842924060126,MapMatched,14c6b2ca696a7eacda8f193e5c8a0a44e55d527e,DYN19_RESULTS_20260914_R1
bonn_person_tracking2,0,dyn19_mapmatched,online,12,3b92fb720767173d99846a2e590c8e82ef275e74e6e516e912d20f708628017e,1c4eaac590cc0c30e44e4f1e8014af0feb0e16437c04233364182f150bc70693,5ccbf8cd926dbb26b5c52fd3186191d0a41993300e7e4d6983ef04c19d780479,17.645728654340754,0.7566220810015997,21.061437467407888,0.8005306439267265,0.3907507293379796,34.58990577647567,0.5885007627896025,0.16536591826623565,MapMatched,14c6b2ca696a7eacda8f193e5c8a0a44e55d527e,DYN19_RESULTS_20260914_R1
bonn_person_tracking2,1,dyn19_mapmatched,online,12,a7fabcb37e94044ea10c6b010c38554d6455b7c77c845f66683cd4c158d6485a,e1ed9fb5b6a460edd9f639ddedfe9c1131c9228134a4eed11e9d42487d5826cf,41cf93e560159a8b497f35c331ddd62bfa750062465f6eb1dac50454fe10d077,17.71449595681874,0.7423529393143125,21.023798602495884,0.7849036239915425,0.3323137494933788,34.364364247418884,0.5818490457084259,0.15694785993767485,MapMatched,14c6b2ca696a7eacda8f193e5c8a0a44e55d527e,DYN19_RESULTS_20260914_R1
bonn_person_tracking2,2,dyn19_mapmatched,online,13,078f86b2faf0c3381a95f1bff176e71db2b27635bb9660e8a6d4a0ba368877e4,ce6e7be8e16037782712f5138774bbb0b6a07b1464613531ea5cd556d4664e4e,693203f3c4eb431640a4f8f5d9aeb9b7efd3f881ee35958e5f62a08ea5d0f3cd,17.853041714813504,0.7460989646422558,20.95309803744673,0.7890752019026339,0.36559497163669347,34.106089427930186,0.5924061780888077,0.15679125749296868,MapMatched,14c6b2ca696a7eacda8f193e5c8a0a44e55d527e,DYN19_RESULTS_20260914_R1
tum_sitting_halfsphere,0,dyn19_mapmatched,online,20,28746abac6b884ad28e8d75902699183ec32ff794b06e3ee1fb93122c66fe600,add9873fab70d5a24af75355b4f9b00d3947acb575588479bc8d2db182eaba5a,b35f93f11b207bec94589242f9fcbeb25cb5a1ce0514a4b77f850eddf0b9ecf5,14.96102099117534,0.5278777197003365,15.556600936914839,0.574119504292806,0.3666513161530385,51.706988153373125,0.3801257510902112,0.33083639798235565,MapMatched,14c6b2ca696a7eacda8f193e5c8a0a44e55d527e,DYN19_RESULTS_20260914_R1
tum_sitting_halfsphere,1,dyn19_mapmatched,online,20,b15f2d5beda1c32ce06fe0936b5f5f7305285febecb69a6ea5d5484cc082afef,57d746a44b0234c5bb34e005f41b6c60c7bf33b04d9c050cf8651be98248470c,db8ab20b3b9373972807afe63945a2b5069c9279a49c71c6862eed47f0a906f9,13.781709768438784,0.48128148565689716,14.008812487160114,0.5173225546876591,0.36569743901907975,54.35271055758522,0.35744815075677344,0.3700589305349352,MapMatched,14c6b2ca696a7eacda8f193e5c8a0a44e55d527e,DYN19_RESULTS_20260914_R1
tum_sitting_halfsphere,2,dyn19_mapmatched,online,20,d99264f5ee7300e7ee6ba0da21c995023f9c8a85ec3f80f74421ca58eed82cd5,c61e26b6d4baf6a1c4d27ac44255d7f814b261b0fdf359236288a0fb74c8cbe1,3fe69c78e491d71f914b4f91e2a8263ee6306c876a4a395337e4ecc28c26fff4,14.377837296725852,0.5068829998373985,15.455844664437175,0.5709715709090233,0.32813240479527184,56.334991380259865,0.343250056619255,0.3946826165892561,MapMatched,14c6b2ca696a7eacda8f193e5c8a0a44e55d527e,DYN19_RESULTS_20260914_R1
tum_walking_xyz,0,dyn19_mapmatched,online,20,748f509d72e59ac6899a702d81856e812a8b831f376b3d443664c1fb3b6f6906,c30a943b7a0ca7e405ff5bc3ae8ba0075b0f4947e646da808a6d5d83e014689b,646e1c42e7fdae683f57b9529d0213271f11c4f9dcd63f11468f29f65f401d00,15.061549144226897,0.5644398262103398,17.00452226671542,0.6127459237972894,0.6039994877616768,30.465201876966837,0.6450248110288179,0.13781377077610996,MapMatched,14c6b2ca696a7eacda8f193e5c8a0a44e55d527e,DYN19_RESULTS_20260914_R1
tum_walking_xyz,1,dyn19_mapmatched,online,20,14321cdb5c9de03530cd6ef894b0f59c40108c9633186e5d640e684e7dcf6218,f1ee56bca7c6e1e9c9043cd2c32e87ee3fad8b23ba14e2a3d98fb7c38344d65d,ce8adc744966bf651d57d6f24bbfae2523e4d944759bf0ec4c968568e2911eaa,14.735489488833773,0.5454786534110705,16.618263908623142,0.5895232409238816,0.6039066569079675,31.568481987677185,0.6340170213629491,0.1461212645278539,MapMatched,14c6b2ca696a7eacda8f193e5c8a0a44e55d527e,DYN19_RESULTS_20260914_R1
tum_walking_xyz,2,dyn19_mapmatched,online,20,5441f830b5768d33597834e4c6e61b1f1925630f86bc9310b00e58985ddfaea8,96d3367d4c62795ff21ff619d2a61600bde3964d7c2ba43013235f88cdc857b4,f360a2121c62541c4cb3efb95ee7bc313078324727b8d823523f574728c7d910,15.116735079857866,0.5683609043558439,17.19011225648004,0.6155258680383364,0.6008971259472261,30.27067915614106,0.6471028930099055,0.13699245902330187,MapMatched,14c6b2ca696a7eacda8f193e5c8a0a44e55d527e,DYN19_RESULTS_20260914_R1
bonn_crowd2,0,dyn19_semantic,online,20,328e512453229b08ae7188dfbfba2240e7d1bebc0b49558655c2c0041258aaea,c06dae98a3fbc9c33cfa470363f8889cfe5d62ae1761fa28d2eac025f867ebb1,271af4c1f528e522b5aab1a9783b2ba91f065c12a67d9e9dfa0991e9f8da147c,15.673475449552626,0.7360904047886531,22.719714103593493,0.8370993455251059,0.5906953688597568,25.376028724335995,0.7178996252240508,0.0864683477269024,Semantic,14c6b2ca696a7eacda8f193e5c8a0a44e55d527e,DYN19_RESULTS_20260914_R1
bonn_crowd2,1,dyn19_semantic,online,20,763e7dc6cdd6a7a53335dfce307129d73a5bb6ced7042d3ed6d4bc0a4f55c97f,e9a953fb267bd21bd3da40f6655f4a6c20ea88e37133eaba05e821a189f3b9cd,4788e4e59283e014bbdf55d5b5fac9430730a7b49ecb5f19a5c933ba9fcc34bc,14.89956470346417,0.6801108648379642,19.705132905573514,0.7634116778771082,0.6066367714071695,28.595157984580364,0.6603982507019848,0.10644276384378717,Semantic,14c6b2ca696a7eacda8f193e5c8a0a44e55d527e,DYN19_RESULTS_20260914_R1
bonn_crowd2,2,dyn19_semantic,online,20,30233d9552abe1d88213860d9849556d5f63727095208b8e40f0436a32c87e42,07b09d9522c3bac9c3216d71be1b304d7a2f8bd6151d06d4469b9b71ee70abac,bd836f6f5acf2fb1a69f1d4a403837b2e5801065e387d5ed929b4c85bea37974,16.025680613266037,0.7362923890352249,22.91424486110854,0.8406293859084446,0.6224108493588131,24.44163382555701,0.734449818784441,0.07299910627270809,Semantic,14c6b2ca696a7eacda8f193e5c8a0a44e55d527e,DYN19_RESULTS_20260914_R1
bonn_person_tracking2,0,dyn19_semantic,online,12,3b92fb720767173d99846a2e590c8e82ef275e74e6e516e912d20f708628017e,b17a1198db367822fa94c820eb7e75b3ba5197ac8e3e5004f61e1b53ff5c3af3,e1922784a169d0dd450548979603193d67a69b108600cff7eea0027ec25298a8,18.000285352875373,0.773862537410524,21.83130889964296,0.8165050811237758,0.3907507293379796,34.56777483726338,0.5785280858641106,0.16246682723673947,Semantic,14c6b2ca696a7eacda8f193e5c8a0a44e55d527e,DYN19_RESULTS_20260914_R1
bonn_person_tracking2,1,dyn19_semantic,online,12,a7fabcb37e94044ea10c6b010c38554d6455b7c77c845f66683cd4c158d6485a,c995358a30b852ccaffc5256514ffbf6da80e7694a2c88ef5692817df4277e57,33233bfbe58bca225275ad86e6f4cc8292b166c3e10c03640a8f254ced8798fd,18.303263208552735,0.7681312776274152,22.03399048209359,0.8124417463938395,0.3323137494933788,35.6727808489561,0.5527473840363994,0.17010981571270697,Semantic,14c6b2ca696a7eacda8f193e5c8a0a44e55d527e,DYN19_RESULTS_20260914_R1
bonn_person_tracking2,2,dyn19_semantic,online,13,078f86b2faf0c3381a95f1bff176e71db2b27635bb9660e8a6d4a0ba368877e4,951e1bf67ce0ed3e421c70a0952a6cb2a42d21b165328bf57936483b6fffcb0b,1007d905cf998013de99060eb564074ffae930d65830d2f54b66a98d33636190,18.07048247957796,0.7465997873208461,21.1017014026706,0.7893926058060085,0.36559497163669347,34.06792041709675,0.5952802583357797,0.15637458688055758,Semantic,14c6b2ca696a7eacda8f193e5c8a0a44e55d527e,DYN19_RESULTS_20260914_R1
tum_sitting_halfsphere,0,dyn19_semantic,online,20,28746abac6b884ad28e8d75902699183ec32ff794b06e3ee1fb93122c66fe600,9125a321914a66309861b4090d14216b26c177cc0694e07a619305eeb8905425,1b22c25b4ea04b066de88c244a1e4376997f4be35291bc3d7d4cd1f56dbb8315,14.581603364655887,0.5165788764754932,15.518514996652513,0.56572152475516,0.3666513161530385,49.945134304475395,0.4276931231285545,0.31605323446072225,Semantic,14c6b2ca696a7eacda8f193e5c8a0a44e55d527e,DYN19_RESULTS_20260914_R1
tum_sitting_halfsphere,1,dyn19_semantic,online,20,b15f2d5beda1c32ce06fe0936b5f5f7305285febecb69a6ea5d5484cc082afef,f17d1be4e4c02d6c774495984c052e840424fc71ec4c672bf830a3cc377269d6,f1dce56d3149ac65abb8b82d9ec50fabcf66d1ff2f495d9719be416cd8ec2234,14.099656522093213,0.48422515292962387,14.274965101389645,0.5187759439150492,0.36569743901907975,54.41520834072288,0.362634341857908,0.37189195899691413,Semantic,14c6b2ca696a7eacda8f193e5c8a0a44e55d527e,DYN19_RESULTS_20260914_R1
tum_sitting_halfsphere,2,dyn19_semantic,online,20,d99264f5ee7300e7ee6ba0da21c995023f9c8a85ec3f80f74421ca58eed82cd5,72aee25fee89bbc821b9596160ad73839af469aae43fd2ae5a310fdeab916bf7,aa4b6540273ac75b744dabc525cedcdb02b5cc98c438f4e59b5939f8610eb06d,14.885023849350691,0.5256942197680473,16.01075772685415,0.5887917632857959,0.32813240479527184,48.023786352346264,0.4282692824143688,0.3178722545849221,Semantic,14c6b2ca696a7eacda8f193e5c8a0a44e55d527e,DYN19_RESULTS_20260914_R1
tum_walking_xyz,0,dyn19_semantic,online,20,748f509d72e59ac6899a702d81856e812a8b831f376b3d443664c1fb3b6f6906,2ebafa4f846925219bde1a8e2630ef1c2f10dea5876f0a64cae6caec1d87062a,50ad0c23fabba7d5df124e4259080a1b17155a4609c5fd0c3025cfd528f6dc6d,14.679089261510347,0.5438638399044673,16.498464104770918,0.5887955074508985,0.6039994877616768,31.579308240424737,0.6304240625290336,0.14088209579939634,Semantic,14c6b2ca696a7eacda8f193e5c8a0a44e55d527e,DYN19_RESULTS_20260914_R1
tum_walking_xyz,1,dyn19_semantic,online,20,14321cdb5c9de03530cd6ef894b0f59c40108c9633186e5d640e684e7dcf6218,28f50f8a344494888828d7ccbdc480128d7ed31dad4a1136fd58ca03a71e6622,72786845822187a0088221c304c5646198fbd0cd20b215b69093c3d91219ac6e,14.877749327995105,0.5527305354674656,16.75414937702097,0.5992769534389178,0.6039066569079675,30.20112884033721,0.6493213664440819,0.13499954340627934,Semantic,14c6b2ca696a7eacda8f193e5c8a0a44e55d527e,DYN19_RESULTS_20260914_R1
tum_walking_xyz,2,dyn19_semantic,online,20,5441f830b5768d33597834e4c6e61b1f1925630f86bc9310b00e58985ddfaea8,4dfbd37d1cfe55ed30057b3010e5cb4a0a276232a61ebfeaa8bb53e717ad1aba,d42bc50636ad5a2ccded626d17e4983db00401a4c4e0b0149595b1ca065ad287,14.984231931416414,0.5701999525229137,17.03379029261313,0.6186920056740443,0.6008971259472261,30.47586147786521,0.6478310034579393,0.1374712326137292,Semantic,14c6b2ca696a7eacda8f193e5c8a0a44e55d527e,DYN19_RESULTS_20260914_R1
