config,sequence,seed,status,ate_cm,failure_rate_percent,end_to_end_seconds,trajectory_coverage,recovered_support_frames,tracking_recovery_audit_pixels,tracking_recovery_mapping_leak_pixels,certificate_status,source_commit,source_dirty,run_summary_sha256,frame_metrics_sha256
dyn19_full_no_mapping,bonn_balloon,0,complete,3.0831999999999997,0.0,30.690510651,1.0,10,264346,264346,fail,14c6b2ca696a7eacda8f193e5c8a0a44e55d527e,False,b71f57d482ae5c852e284f8964fd0d91c962f35d5e390e304a99f35c0ae4b0b6,3a06b256c691496220593184fa9c58c5e8a618661ea38695bce19379e703b065
dyn19_full_no_mapping,bonn_balloon,1,complete,3.1115,0.0,31.303629473,1.0,15,430640,430640,fail,14c6b2ca696a7eacda8f193e5c8a0a44e55d527e,False,61f6260cf760e43cb69184e4e844d89492fd2e6f30124d051b7eae97f6f93e6b,a92817fc96d2a56c4fbec32d2015213efae22026742f82762007a3aa9aab8f95
dyn19_full_no_mapping,bonn_balloon,2,complete,3.0823,0.0,31.301195842,1.0,15,475485,475485,fail,14c6b2ca696a7eacda8f193e5c8a0a44e55d527e,False,e166fca27b5c57cea071cbff118d1d5019d8b1f51ffc94a58b743d694faac407,7c781264f040ed489805c4fe3717461e480b92acfd804ff8f64cc3efcd3599fe
dyn19_full_no_mapping,bonn_crowd,0,complete,3.266,1.0787487,60.201200203,1.0,64,1834439,1834439,fail,14c6b2ca696a7eacda8f193e5c8a0a44e55d527e,False,19970cfa94642497f73deb52b21fef94a6292d4bec579d6b3fda058264a39cb5,e45a3abb682619052dee5e508291a6319df27f0da6d33a66353b8fbad7a3c4ea
dyn19_full_no_mapping,bonn_crowd,1,complete,3.1102000000000003,1.8338727,53.064067715,1.0,78,2118458,2118458,fail,14c6b2ca696a7eacda8f193e5c8a0a44e55d527e,False,b5cc75256e47bc2c497530fa6cb6ca67052130d2aa63682ba6996eaf7bd0c90a,aa5d67e8c9b371e1eae9b8d2ba25c9bf7860434309e6fbe1eeba9117b09bc57d
dyn19_full_no_mapping,bonn_crowd,2,complete,3.1552,2.2653722000000003,53.160525914,1.0,76,1995020,1995020,fail,14c6b2ca696a7eacda8f193e5c8a0a44e55d527e,False,7b567d383f95c44da6b1dc474f432c8e25e4b994c740206444b2648095b7ed75,998c83617d96e51c165cfe7250fe2669d1bac33e002006ea3319705aab84c487
dyn19_full_no_mapping,bonn_crowd2,0,complete,6.4628000000000005,0.0,52.091381633,1.0,58,578873,578873,fail,14c6b2ca696a7eacda8f193e5c8a0a44e55d527e,False,a700e391eed83f54872be21541cd8b1df1c5f91f3938fb4a89bab1da3fd43ead,f0542be8c557bd5a23a7187a04f235021ecdb76e2c7d7425f2ec6b5db28195ad
dyn19_full_no_mapping,bonn_crowd2,1,complete,4.5612,0.0,52.47861879,1.0,55,586118,586118,fail,14c6b2ca696a7eacda8f193e5c8a0a44e55d527e,False,9e56740e187a4f7b0ea94decb966642994a067c882cd4c4bbb65cb9ee413d43e,07cec5c0905b1ef2fb31413e177c76c1b023a294461d3a29b9b3cd68c98c876e
dyn19_full_no_mapping,bonn_crowd2,2,complete,3.5115,0.0,53.198827437,1.0,54,550953,550953,fail,14c6b2ca696a7eacda8f193e5c8a0a44e55d527e,False,19941a7dde8792a3d3922ce8cbc3bf8ac08df6bd60ee5b1862989c62757e2455,781cb599d50ceead170a382b0c9cbe94e7b548ac5dec9d842c6e8f38857cfe20
dyn19_full_no_mapping,bonn_crowd3,0,complete,4.0157,0.0,49.956891477,1.0,114,1737592,1737592,fail,14c6b2ca696a7eacda8f193e5c8a0a44e55d527e,False,e67c0db174cf2ad9ea372c022e2c95036678693740b3e7521ee7b7b2859613ba,17ad642d5194a9dda247aed9d92c3314ce00bec3ea8ae7918d802fe30c42f9d7
dyn19_full_no_mapping,bonn_crowd3,1,complete,4.2125,0.0,49.436355262,1.0,119,1825215,1825215,fail,14c6b2ca696a7eacda8f193e5c8a0a44e55d527e,False,c4c9b00f0aa629e208df337c8156e40b72a3ee30032f851c39e6cf353921471f,dac2fd5db4ab8a3afaaebdd7114591dfb119aaada5895b6067cfd86874d23047
dyn19_full_no_mapping,bonn_crowd3,2,complete,4.3447,0.0,50.089463886,1.0,113,1884348,1884348,fail,14c6b2ca696a7eacda8f193e5c8a0a44e55d527e,False,3cbac914f723f40f1805b93fc09352572ab782e7b745cbafb3d4345b70e14771,23f511f6eae3a7325798a8e11caf9d8727f7be975c6ec8db1acb8932a34480df
dyn19_full_no_mapping,bonn_person_tracking,0,complete,4.6773,0.0,37.884407676,1.0,19,243723,243723,fail,14c6b2ca696a7eacda8f193e5c8a0a44e55d527e,False,8a8b174390b8cef3fa386f29ac73d841ace65863fec9f1f303c2f6d8233288cc,3258ea00684ec634d59337cfa316b0a03dca5199d734bc77973c9bcf2eda3329
dyn19_full_no_mapping,bonn_person_tracking,1,complete,5.0042,0.0,37.341678814,1.0,29,215202,215202,fail,14c6b2ca696a7eacda8f193e5c8a0a44e55d527e,False,f842f30377be60c44d9a68e72b52456d1d9ba517dc9216f73c3c09433006e75d,392b9b8294ff7e0459c4a284bbf262b1d4846a87eb8d1d76d0b1acf21fdfcc3f
dyn19_full_no_mapping,bonn_person_tracking,2,complete,4.2265,0.0,37.870054127,1.0,19,105069,105069,fail,14c6b2ca696a7eacda8f193e5c8a0a44e55d527e,False,9122c9897bc0582574cbbe840b93178d02c157cd0af4b5c8375bf1e33c30b3b3,fa83dce59ec220bf9dd7b2c96187f21833d7edd9d21b86509134091bdd257abe
dyn19_full_no_mapping,bonn_person_tracking2,0,complete,8.8036,0.0,35.089896501,1.0,5,79005,79005,fail,14c6b2ca696a7eacda8f193e5c8a0a44e55d527e,False,cb2ce6abafd96195c0b3d1a274e78cce0df349cb0db0f45d8dfbdb0ea74ae15e,ba18211b70787fe82d4a408779ed7fd3e2f43c5a507d2f46cdbb675ac526310a
dyn19_full_no_mapping,bonn_person_tracking2,1,complete,6.9257,0.0,35.114565278,1.0,10,330229,330229,fail,14c6b2ca696a7eacda8f193e5c8a0a44e55d527e,False,93d1936369b7ae79608a822cdc6640eb032db9d61b032e8980f11b7867b8d08b,91c55b3c704fd3faf948d2e29a1c9e6909bdb975945af450c491efde651efc41
dyn19_full_no_mapping,bonn_person_tracking2,2,complete,9.479,0.0,34.799741859,1.0,5,82473,82473,fail,14c6b2ca696a7eacda8f193e5c8a0a44e55d527e,False,6bbb018c811db0087815d3a4b1ae750004a3b627f0dae39c1d2d441c33787ecd,bd70e10481275534874c2060b493946792175367d06bbbdf82c4132f7d7b5b64
dyn19_full_no_mapping,tum_sitting_halfsphere,0,complete,4.3656,0.0,68.69869573,1.0,553,14988655,14988655,fail,14c6b2ca696a7eacda8f193e5c8a0a44e55d527e,False,5dcfae1c76b727e7b5d079e2fb0d2e80dceb8fb7433dad3bcdb7bb2ef37434c4,aecb6a837fb59e5668859d7aaaca0c8cf230acd067aedf4151d2369fa0d080da
dyn19_full_no_mapping,tum_sitting_halfsphere,1,complete,6.553299999999999,0.0,66.689663254,1.0,606,15332797,15332797,fail,14c6b2ca696a7eacda8f193e5c8a0a44e55d527e,False,b4ae94a8c779ce6621eab67d08d5ec9adb9b30636bb02113baab1d73c2e9e157,2044e1b5972f6d31b6ec909de9a637a1795a58a6ad5533209419ce0facc76ba2
dyn19_full_no_mapping,tum_sitting_halfsphere,2,complete,6.257300000000001,0.1862197,66.780733111,1.0,677,16275618,16275618,fail,14c6b2ca696a7eacda8f193e5c8a0a44e55d527e,False,ee0bcb146f313cc016268c89bb583ec9b660b13a750aee86de23602b4b780b67,a501eb55666aec2e0d7e44366834122c82aeb43d99921fc6f8b82ca55307c6f4
dyn19_full_no_mapping,tum_walking_halfsphere,0,complete,3.5248,0.0,66.424395913,1.0,87,460486,460486,fail,14c6b2ca696a7eacda8f193e5c8a0a44e55d527e,False,143aaf9965c2ec2497a547203f658cabf285b214026f2fd0ed8e3aaec788babf,e7d089e821ca9c3a2d070234ea781906d1c132375800da13da8138d6a0ba518f
dyn19_full_no_mapping,tum_walking_halfsphere,1,complete,3.6327,0.0,63.437039231,1.0,80,443407,443407,fail,14c6b2ca696a7eacda8f193e5c8a0a44e55d527e,False,a7a4339c40f242dc838e238feee4c637508ac1fff6b212623502f1f167f792d9,d926cc5a6d505e3c504ab62adc364f9677fe6e72f85c10d5ae7763bbf5f8fb4f
dyn19_full_no_mapping,tum_walking_halfsphere,2,complete,3.6211,0.0,64.13267354,1.0,88,414778,414778,fail,14c6b2ca696a7eacda8f193e5c8a0a44e55d527e,False,41e7ef7b7e66dc02322d300facfe647c3e3bb1bffd73507404bc2025c3f6f5ab,d328f138cec2b0aaae3d14cadc63f05774610ab384b920ec3884d5babcb56dfa
dyn19_full_no_mapping,tum_walking_static,0,complete,0.7504000000000001,0.0,42.979070327,1.0,243,7902987,7902987,fail,14c6b2ca696a7eacda8f193e5c8a0a44e55d527e,False,9427bb0d80f55a2aba7b4e386255c1bd47078ec9ed0f32a7d32f0c9d1497ae05,508e22f74aefd32ab9a1b590f166c0098d3db6837e2e066b4db0be867d9dbdb6
dyn19_full_no_mapping,tum_walking_static,1,complete,0.831,0.0,42.58654167,1.0,297,9555511,9555511,fail,14c6b2ca696a7eacda8f193e5c8a0a44e55d527e,False,d0a0de05ce04a013abc0dcab5d59000c57b771a3d7ca8aef12dfafee448dbe80,8573e4c2a607cc4378ac0632b439cd236e5f84f58ccf3a60866e3a4dbeefac65
dyn19_full_no_mapping,tum_walking_static,2,complete,0.7784,0.0,41.799150823,1.0,276,8400166,8400166,fail,14c6b2ca696a7eacda8f193e5c8a0a44e55d527e,False,3aad1ed6ed080efae92caa6d3f41688afebb5bf616533547a6638b477d607f66,54a582455ed506a4c4cd9a0333472c3526c15dad55a5df80b0a594fe4dde7ebe
dyn19_full_no_mapping,tum_walking_xyz,0,complete,2.1574,0.0,55.978474989,1.0,24,489610,489610,fail,14c6b2ca696a7eacda8f193e5c8a0a44e55d527e,False,3817a18c1b9dc46c873aff746b45943cdca5c5eea4dd6af0bb68343ecdad9def,bab24546ea8f7208276e40c8cc2ee2ac228e1238c2c99b8c46180cd830663f97
dyn19_full_no_mapping,tum_walking_xyz,1,complete,2.1487,0.0,56.295284098,1.0,40,574477,574477,fail,14c6b2ca696a7eacda8f193e5c8a0a44e55d527e,False,6748b5d42a586a76e2a3a427f1ff0327d2c90e7a1e31bb71773608e27774aa54,39704c94c214af23fb84e8b3b056d06914556e6e8e12053cf656dfaa8b47687c
dyn19_full_no_mapping,tum_walking_xyz,2,complete,2.1592000000000002,0.0,55.187504918,1.0,34,614782,614782,fail,14c6b2ca696a7eacda8f193e5c8a0a44e55d527e,False,d611acb00731fb83d9c9fabdec20990e5e196bb9045d56eba07394ebe9461815,a12bbe69320918766c3c0c03b70c26d111c0b7306e8eccdeaa0d3ea55c3484a8
dyn19_temporal_flow_map,bonn_balloon,0,complete,3.6990000000000003,0.0,31.804600538,1.0,226,5486438,0,pass,14c6b2ca696a7eacda8f193e5c8a0a44e55d527e,False,be6d5d440b20d93033f828b25880540894f361fcac80c234af6954c9941bfc81,a9159e9c806b7c6a1c1187d1afe11522a04620926ab7538dee83de85194842a2
dyn19_temporal_flow_map,bonn_balloon,1,complete,3.7798,0.0,31.793258362,1.0,226,5757244,0,pass,14c6b2ca696a7eacda8f193e5c8a0a44e55d527e,False,b228d3b2718e2a5e585f4840559ebc49e00c737fd7e1ccea270e625a1c907312,1f26e83c7dedcfa526c16d9ec1e4d97abb3bb8d5139f9c5c013ae38afe294090
dyn19_temporal_flow_map,bonn_balloon,2,complete,3.7617,0.0,31.529964665,1.0,226,5695291,0,pass,14c6b2ca696a7eacda8f193e5c8a0a44e55d527e,False,f6d54cb3290c9761d9db9cffd576d0a2b0bfa7921391718cf7382a0d8252031b,8b6c0c236553e9e91398c88095295214960fcb51367fbdc689a495480969b61f
dyn19_temporal_flow_map,bonn_crowd,0,complete,3.1940000000000004,1.1866234999999998,54.175024995,1.0,662,12347502,0,pass,14c6b2ca696a7eacda8f193e5c8a0a44e55d527e,False,65efa671dafcf791b473e109608a68ac6730c50d610b1bab25e03dfc71a53755,efca685baa271e2dae6eeea258b76b55395c535aec664c93012eec5b8493ffca
dyn19_temporal_flow_map,bonn_crowd,1,complete,3.2141,4.9622437999999995,53.997661251,1.0,662,12120966,0,pass,14c6b2ca696a7eacda8f193e5c8a0a44e55d527e,False,930e42802572896a997c2e2c44ee942f2e883f5c75ac0ac75fd4d3d08d52f05f,ff3e97180ace29f7301353d4cc9ff8c0910e84168dad6ebfd3334c2484bddd0e
dyn19_temporal_flow_map,bonn_crowd,2,complete,3.2476,1.0787487,53.278847703,1.0,662,12302135,0,pass,14c6b2ca696a7eacda8f193e5c8a0a44e55d527e,False,b95324334d57518dec0960db39240af17b9d3eb4a5e349dd65385fea4141b923,05f6bed1fbe174310edde00862626a0e4ea8c4853e9b9fb163fbcb38fae2f24e
dyn19_temporal_flow_map,bonn_crowd2,0,complete,3.7336,0.0,53.410349273,1.0,732,6865183,0,pass,14c6b2ca696a7eacda8f193e5c8a0a44e55d527e,False,b0c8e0fd2d31b864f86352e8a2d33b45600bafc3dab55e3117c4cdcadb7ae3d3,2b091ab24e187974141b7bfef2bfc92cf856a2485bf78462fd9d75edf9c161f0
dyn19_temporal_flow_map,bonn_crowd2,1,complete,4.077,0.0,53.033665372,1.0,737,6693632,0,pass,14c6b2ca696a7eacda8f193e5c8a0a44e55d527e,False,c5c05c6147008d951bda79b47b1651d75850f15f61a803363b29585bab25b44f,ca57a96326af7d809700cd94722370b5fd71ed7c5e7b23923d2c512e3d3710d6
dyn19_temporal_flow_map,bonn_crowd2,2,complete,3.157,0.0,52.710326697,1.0,737,6383692,0,pass,14c6b2ca696a7eacda8f193e5c8a0a44e55d527e,False,a2b2fa1570ca2b2dce05333766c8d287879b5299d7e38ecc593bf2bc919dcfd6,b0153de17360c153d1f2232d933cc15198bfbd9ad0a6f3dc95879e852edb515e
dyn19_temporal_flow_map,bonn_crowd3,0,complete,4.4527,0.0,49.279603226,1.0,731,10839852,0,pass,14c6b2ca696a7eacda8f193e5c8a0a44e55d527e,False,acebe28362972dad8fd760a8515b8dd08ec428c5cc271f7ac87ce51214e4068e,77ce2daeac03559ca4f7b0c2e81ff541a6536476bba44a2931844b5c0a0cb493
dyn19_temporal_flow_map,bonn_crowd3,1,complete,3.9072999999999998,0.0,48.332937475,1.0,730,10927161,0,pass,14c6b2ca696a7eacda8f193e5c8a0a44e55d527e,False,c384f9186daf4d0ba2bac35ee24e603c0f56d0b58157c3570b9d38a5b1cda6f5,e05344aa2e1c1d8a4b6aa9662d5f15083e025b911d3e1a43a81281ad34da0166
dyn19_temporal_flow_map,bonn_crowd3,2,complete,4.1889,0.0,48.172295711,1.0,731,10716997,0,pass,14c6b2ca696a7eacda8f193e5c8a0a44e55d527e,False,59e0de03005c3fd9e71f2a456fac9152a521ca5618c64fd42ca2fbeefb55c059,e025731463c89f167b40b70401ee46a677ea077c62e7dbb27aaca9de970a2bda
dyn19_temporal_flow_map,bonn_person_tracking,0,complete,5.024900000000001,0.0,37.634118882,1.0,284,3023491,0,pass,14c6b2ca696a7eacda8f193e5c8a0a44e55d527e,False,86083034e073a1156abbeeae67da830ee4a46721757964bc3a596c033f1f32b5,7bf20a8a4a37760bf6583ec06a346cee8d4baacb7585157ae899fa93537dab9a
dyn19_temporal_flow_map,bonn_person_tracking,1,complete,3.8092,0.0,37.206111398,1.0,283,2994968,0,pass,14c6b2ca696a7eacda8f193e5c8a0a44e55d527e,False,d07c3059572225587cbaa631cd99fa817fee60f5925423ecbc0f2353d9eb1ecc,bd42d65ac5a8f3abe2818e00addd7175fb1c0d13c3ab7b996f50322abec0feef
dyn19_temporal_flow_map,bonn_person_tracking,2,complete,4.1137,0.0,37.202270523,1.0,283,2783870,0,pass,14c6b2ca696a7eacda8f193e5c8a0a44e55d527e,False,87c8e447570fcd9668731b8107b6c84247d22199bf66cab7a56b1ff87764e568,fa4a2c0c02cb053f7ef6d5c73451f27ebf73d1ffe54d8f9654c67002b1e67339
dyn19_temporal_flow_map,bonn_person_tracking2,0,complete,12.5743,0.0,36.159611707,1.0,356,3609681,0,pass,14c6b2ca696a7eacda8f193e5c8a0a44e55d527e,False,17aeaccaebd5e9f08ce850085aa664a613ce9cbf68dd7a3f45f850c34df033fe,208e5137d25480e442f49f81381ad00bba2d5ede2c3aac8b8923b4e06fb2a946
dyn19_temporal_flow_map,bonn_person_tracking2,1,complete,10.2937,0.0,36.34893019,1.0,354,4592086,0,pass,14c6b2ca696a7eacda8f193e5c8a0a44e55d527e,False,2f5b10404f0249fdf6d8f587616014cb144667800c40eea1d98ec21265d32889,9dff422595533eb8e26d515aae3cb1aff8c7566d3110300d59fcd289fddc0ff2
dyn19_temporal_flow_map,bonn_person_tracking2,2,complete,9.232999999999999,0.0,35.929951564,1.0,355,3717946,0,pass,14c6b2ca696a7eacda8f193e5c8a0a44e55d527e,False,5956e3cebc966b7b84f740013223e93c5075548d26fd8394d2f53386b47040e9,89151ee6829192876dd3078bdaa0c438eef33ef4ef89238fe272120759ac3a46
dyn19_temporal_flow_map,tum_sitting_halfsphere,0,complete,49.5555,23.556797,60.657795736,1.0,1025,11377650,0,pass,14c6b2ca696a7eacda8f193e5c8a0a44e55d527e,False,52ba7eb51a04a9baa0dae13bb46b568b20fe5cf8ddda48027c7696799269511b,a63e914a83f534c1d1fe4ab4b0e0a42cd76f718e28d5057b6f95d87dde7764b9
dyn19_temporal_flow_map,tum_sitting_halfsphere,1,complete,26.688699999999997,20.3910615,60.341551069,1.0,1026,14303170,0,pass,14c6b2ca696a7eacda8f193e5c8a0a44e55d527e,False,0ea865dc1791932988f332b6af56440342b93fe1b0788f77a7908849e1dafe08,e3eed89c5dcc71bc36c9e3ce2226a59e4d8cf48cc5bd3f51705f43c901f073a3
dyn19_temporal_flow_map,tum_sitting_halfsphere,2,complete,7.928599999999999,10.8938547,62.141823251,1.0,1026,17503655,0,pass,14c6b2ca696a7eacda8f193e5c8a0a44e55d527e,False,31270c65a25ddb424988a5c00f02d73ed793ac818759a2686fe4627d101b9d3a,ae55c541804be19276a2a9ee1103f6f9dc727c1318f4b3e3861d3a7f5c1e5e28
dyn19_temporal_flow_map,tum_walking_halfsphere,0,complete,2.8813999999999997,0.0,63.617121408,1.0,845,6848559,0,pass,14c6b2ca696a7eacda8f193e5c8a0a44e55d527e,False,fbe04c078b06e57ba18ab6d1afff37bf8c6275f55e5b56ea12823142bfb30b0f,9c639383afabd7747a29ed5e0f579d436c41540e4b87c5ba85f667339eb368e7
dyn19_temporal_flow_map,tum_walking_halfsphere,1,complete,3.1420999999999997,0.0,63.930765531,1.0,841,6764002,0,pass,14c6b2ca696a7eacda8f193e5c8a0a44e55d527e,False,98c0b5f77bc5eb8fc5de1f96eba05037c5dd87bd49465307e20dac6fee8b5864,26a451d5b10e3328501cdb3cde940ec0d1bb8c06cadc8adb16451d3b053cae64
dyn19_temporal_flow_map,tum_walking_halfsphere,2,complete,2.9853,0.0,63.774337669,1.0,847,6880358,0,pass,14c6b2ca696a7eacda8f193e5c8a0a44e55d527e,False,3ac2b2fbe4232e1ff4b722cd5760f0985d42f80a48a935e31db320e541c344f0,6317bbd077a189aa322545d9badb4cd4eda5672a39e3f370c315466eaa54f376
dyn19_temporal_flow_map,tum_walking_static,0,complete,0.8175999999999999,0.0,41.030061612,1.0,609,12248782,0,pass,14c6b2ca696a7eacda8f193e5c8a0a44e55d527e,False,67665e20651a6e1d5a716d108a2a6e666bc8fc90b0dc9b2b98bfa777af2885dc,94f3d7bedcc20e382e6bc24f589f8ce14e2b3e3861fd169d7f187e5d976a507e
dyn19_temporal_flow_map,tum_walking_static,1,complete,0.7491,0.0,40.747135703,1.0,610,12264301,0,pass,14c6b2ca696a7eacda8f193e5c8a0a44e55d527e,False,3351ecc25e4fdc97b481e6556b97e709f1080502a38ec8fac58f542254af9653,fbc2bd575660c94f12cd9769ae3e826934e4e3eeefd55155c9262e8722a9b002
dyn19_temporal_flow_map,tum_walking_static,2,complete,0.8194,0.0,41.20184315,1.0,608,12949224,0,pass,14c6b2ca696a7eacda8f193e5c8a0a44e55d527e,False,07ab9e4511752968dd105f6570ce4d8ea9c047b9849f4ccb611a992e752ef3d4,62355d3cbbad3163f6304ce7379045245676c820cf6979a42519507900e4f906
dyn19_temporal_flow_map,tum_walking_xyz,0,complete,2.1239,0.0,54.020252281,1.0,671,7479991,0,pass,14c6b2ca696a7eacda8f193e5c8a0a44e55d527e,False,4b9150e58026cf843c9f2a30fd90cee21eed0914184e755606c76ce26e8d6832,44fa86b053c7be025d6e2697c6a49467dbaaa34fcb45e16da44c95f8a1c0e83e
dyn19_temporal_flow_map,tum_walking_xyz,1,complete,2.0206,0.0,55.407545702,1.0,667,7490831,0,pass,14c6b2ca696a7eacda8f193e5c8a0a44e55d527e,False,3a1b29bfaed34e3c2602411646836538a74871971bd380ea2aa7ed15b70aa42c,6c28ce1bc4ead337e44e56188da9d760cc0fa5e3c14a1f1a961f12e9f4d04517
dyn19_temporal_flow_map,tum_walking_xyz,2,complete,2.1437999999999997,0.0,68.000238278,1.0,675,7544394,0,pass,14c6b2ca696a7eacda8f193e5c8a0a44e55d527e,False,9bada405c0c9221584a17c9f03aa689f0e3f7079ce1605bed564cb5a2c3f9e32,e0eb563efe9625a1d47e7bb43090e7455731fb699125c1920d04ed2496ea3fae
dyn19_temporal_flow_risk_map,bonn_balloon,0,complete,3.6927000000000003,0.0,30.496895689,1.0,10,268767,0,pass,14c6b2ca696a7eacda8f193e5c8a0a44e55d527e,False,5eef933a2cab8426be29c4cc97b4a09925dce02eedc05aefc4f3801e1bda078f,fb7c4e5cbafc3d4c38c3a83fa74a6ea412035c8cd0ca4ce66acc4bf9646f23b8
dyn19_temporal_flow_risk_map,bonn_balloon,1,complete,3.7494,0.0,32.277968779,1.0,5,168890,0,pass,14c6b2ca696a7eacda8f193e5c8a0a44e55d527e,False,1912e871051cab8fc72a385e795c0d1f9718eb9b3689029fc519af15e723f051,d5726a395f0ffe0ed0a01ca491f33774eecba94d23d41d94a039b4c2ac834754
dyn19_temporal_flow_risk_map,bonn_balloon,2,complete,3.788,0.0,32.003311211,1.0,5,182773,0,pass,14c6b2ca696a7eacda8f193e5c8a0a44e55d527e,False,79a033f0e3b478da55602f44b11ae2c1da4aff5f7e3f70803b211984edaaf7eb,501aa77b4bcbc6ab992ff50604614b5768e72d72cdf965a0baae47c3c20f2cf5
dyn19_temporal_flow_risk_map,bonn_crowd,0,complete,3.1181,0.9708738,52.793647237,1.0,74,1951232,0,pass,14c6b2ca696a7eacda8f193e5c8a0a44e55d527e,False,9a3583e7853e0d216c30a8d1e18b2a04a86314c19630288f2f78c560201dd30d,d4f2b6e4b928e943a789880db7e5f93f60b0a593788c84c56dab74b3ae6b165e
dyn19_temporal_flow_risk_map,bonn_crowd,1,complete,3.1578000000000004,1.0787487,52.661908842,1.0,73,1942917,0,pass,14c6b2ca696a7eacda8f193e5c8a0a44e55d527e,False,5865807aef4c0bec65703b7891c280639abeaae1dc4c2c4370c76f7199c0b276,c1752f2fb73b65cee02fcb7ce15b21d878118a955a34edc1563cf2d9a7827794
dyn19_temporal_flow_risk_map,bonn_crowd,2,complete,3.1607999999999996,1.0787487,53.508054202,1.0,73,2038359,0,pass,14c6b2ca696a7eacda8f193e5c8a0a44e55d527e,False,b41ce02c885345a7d4832b4972282c0c191fbb00dcf434cd33ff092be532b19c,459f859eb8911609e88e3336db754d01a74866efd59cb57cc9c19e9899277f2a
dyn19_temporal_flow_risk_map,bonn_crowd2,0,complete,3.9787000000000003,0.0,52.513668345,1.0,62,595183,0,pass,14c6b2ca696a7eacda8f193e5c8a0a44e55d527e,False,b5e606424240ead9d5e354a150c69c0846c3ccda6ae18b7aecb268792eec39d4,75b1ac885c8b69981b9dadb829a32089eb37b50b03d58603519fbb0f738322b6
dyn19_temporal_flow_risk_map,bonn_crowd2,1,complete,3.2108999999999996,0.0,52.200780424,1.0,53,533253,0,pass,14c6b2ca696a7eacda8f193e5c8a0a44e55d527e,False,3d65a706dff5e3ec55dfdf65540b5314d10c66448f829569c2ebb6404a18ede1,6802e137b20709dbd7c122fd341f66e5284067a5cc10192db7b6b8a938e3a819
dyn19_temporal_flow_risk_map,bonn_crowd2,2,complete,3.6005000000000003,0.0,51.831918313,1.0,57,478427,0,pass,14c6b2ca696a7eacda8f193e5c8a0a44e55d527e,False,995c5e4ec5afd08f1f2683c2d7448da4d5f92755c794b83770ce48c4ffbed095,97e5599f97fdccea279ecf463f4778214349666603858662a07101bdd9105bd3
dyn19_temporal_flow_risk_map,bonn_crowd3,0,complete,4.6526,0.0,47.546566652,1.0,101,1777736,0,pass,14c6b2ca696a7eacda8f193e5c8a0a44e55d527e,False,dec76685f19804ea5995f2757023a6548e8b2fb7d9620f91cdc9e1fc06571ce2,2086901753a9b96642a064832325c711b62e41c43497e5dcc836042b9854bcbe
dyn19_temporal_flow_risk_map,bonn_crowd3,1,complete,4.1986,0.0,47.661496835,1.0,100,1560052,0,pass,14c6b2ca696a7eacda8f193e5c8a0a44e55d527e,False,55ef84e13f7af714e7dd2b4b1da314e2cc3497c843bafbc49c4de68aac856e51,7b6b14e66f1c74512bdd77f829d59ce9b165aafd04e158de994e41871e515224
dyn19_temporal_flow_risk_map,bonn_crowd3,2,complete,3.9330999999999996,0.0,48.481488482,1.0,121,1977669,0,pass,14c6b2ca696a7eacda8f193e5c8a0a44e55d527e,False,1bb96b834342bfdda0ee066c674bc97ff2d30ac9803b3fb3dd59d68f6b45b4dd,994320f596a7f25514ff72d7b1237943547c084f9e6fcb2527f017f36ea5ff7c
dyn19_temporal_flow_risk_map,bonn_person_tracking,0,complete,5.802700000000001,0.0,37.031359394,1.0,24,284973,0,pass,14c6b2ca696a7eacda8f193e5c8a0a44e55d527e,False,f969a80bdaa1369ccdce09684b08bba65396fb2b726f9259a54d65ead194bff0,acc5c92115358e2f5bf0ff7fab23289c41dc023a4490b6a54a0028ed8505f5fa
dyn19_temporal_flow_risk_map,bonn_person_tracking,1,complete,4.8873,0.0,37.618913712,1.0,20,186951,0,pass,14c6b2ca696a7eacda8f193e5c8a0a44e55d527e,False,ed50e4c1a992b4308fe475eec3b8326f1c597b466396623dd762aa19f36e02ad,895b2307882d493ba93a3a81a850c9ffbd5cb07bceb60193354356f99be8f82f
dyn19_temporal_flow_risk_map,bonn_person_tracking,2,complete,4.901400000000001,0.0,37.366494731,1.0,20,181749,0,pass,14c6b2ca696a7eacda8f193e5c8a0a44e55d527e,False,74cd299b05a269f9c64a498a0fd1ba3192d30c15c289941fb97d4c54ea74eb52,438837afb4d99a4cd1acb9a160fc7659019f73caa8c15143b95fc44b348a10b8
dyn19_temporal_flow_risk_map,bonn_person_tracking2,0,complete,9.7106,0.0,36.656810902,1.0,10,324155,0,pass,14c6b2ca696a7eacda8f193e5c8a0a44e55d527e,False,f226d6a3d0afa634466e0ae24c574fa104c637370c269c519496b0414bcec9ae,2f10bc11fe254e839c042da421629f0cfbcb18b4adef7e1d36704e9f09b8dfdf
dyn19_temporal_flow_risk_map,bonn_person_tracking2,1,complete,8.4068,0.0,36.058596269,1.0,10,296836,0,pass,14c6b2ca696a7eacda8f193e5c8a0a44e55d527e,False,43042ebaf20baff99ca92808e1686d23585584ba1eb84c5b63efacf75bfa9bb3,fae48af72a64e3134354d9ff86ffbc2a5098c94cf42b1fddb5b77f262aae0468
dyn19_temporal_flow_risk_map,bonn_person_tracking2,2,complete,11.741999999999999,0.0,36.174528089,1.0,5,77254,0,pass,14c6b2ca696a7eacda8f193e5c8a0a44e55d527e,False,5d6b3fe249ff7ef2dcb546ce797ad7efa85c32de4a371874907fcfc761c565c1,9f3dbb5f9177120ca1c6fe6304f9598606d3379c0e57d630cb81d8f1071fa347
dyn19_temporal_flow_risk_map,tum_sitting_halfsphere,0,complete,7.306,5.679702,61.443185863,1.0,783,12977520,0,pass,14c6b2ca696a7eacda8f193e5c8a0a44e55d527e,False,222daeafe9bf12b3b9dc06820454a2226ef88a39eba3cf553d646c6ca1609c77,467c2fb52c6abdcf78005bc305342910f2a1b38810754e5db144aa2cf643bebe
dyn19_temporal_flow_risk_map,tum_sitting_halfsphere,1,complete,4.526800000000001,0.7448790000000001,61.897460157,1.0,750,13389110,0,pass,14c6b2ca696a7eacda8f193e5c8a0a44e55d527e,False,1afbba12aadb08c0ec82fa74fcfbf5f44ed6b5dc312e4828ee007879760d45a4,38d8e3925f1528bf671018f84be3e73b6e633f1cad72251507ecf2564aa498b7
dyn19_temporal_flow_risk_map,tum_sitting_halfsphere,2,complete,26.911800000000003,12.0111732,61.748452693,1.0,785,11298994,0,pass,14c6b2ca696a7eacda8f193e5c8a0a44e55d527e,False,3415f17d7c3ac0a1dd362778b3d489df1d3bd04c04e110eb391c80cdb462ef71,b3b016431375a6354e431c6d13079b8e7f0722344153908afacffeeeab4b8ce1
dyn19_temporal_flow_risk_map,tum_walking_halfsphere,0,complete,3.3627,0.0,63.763934474,1.0,115,635463,0,pass,14c6b2ca696a7eacda8f193e5c8a0a44e55d527e,False,0151140c69967359259e15c8efb8caa5ad67de29fad8e02f4ddc5136eda165e1,77b27dea22366d4c2651bf21825f0253602c8fa7b03eaad482e2df23949b06a0
dyn19_temporal_flow_risk_map,tum_walking_halfsphere,1,complete,3.2371999999999996,0.0,63.453622872,1.0,120,647024,0,pass,14c6b2ca696a7eacda8f193e5c8a0a44e55d527e,False,fc9a5ef08fb598bd49436a9031032acc3c10624c282e6280a552d4702e099dee,49494315db0c4a78143d15b719feabbb265af33f35ca2c861284a956e2852dbd
dyn19_temporal_flow_risk_map,tum_walking_halfsphere,2,complete,3.4903999999999997,0.0,63.071174899,1.0,124,674975,0,pass,14c6b2ca696a7eacda8f193e5c8a0a44e55d527e,False,86f2878b77ff5ac7d54d7078d16f82fb2773974dc7fa4a107f32166d29a849ed,92f7017e932f7d2ee95f40bc1e6b061f9b05fa34229a726757040d5581b6dd53
dyn19_temporal_flow_risk_map,tum_walking_static,0,complete,0.6953,0.0,42.592690646,1.0,255,7877576,0,pass,14c6b2ca696a7eacda8f193e5c8a0a44e55d527e,False,51f80800d29fea33fc9e2a34c60ac833e8595fc188c4c4bc86ab632a5a1597d4,fd01b7de6f91671268edfeda62fd48a28d162913b735c60ba4a4829849928ca1
dyn19_temporal_flow_risk_map,tum_walking_static,1,complete,0.7707999999999999,0.0,42.630671623,1.0,243,7688781,0,pass,14c6b2ca696a7eacda8f193e5c8a0a44e55d527e,False,4981eeed678c8329a6ba58e931c7a1bab34e8c2d269e13a1e9f03e914483709e,15a7f0f04db39e47fc89e7a54ebf20457ae30c516825025eaa4e08941247ad5b
dyn19_temporal_flow_risk_map,tum_walking_static,2,complete,0.7627,0.0,42.369430281,1.0,254,7822393,0,pass,14c6b2ca696a7eacda8f193e5c8a0a44e55d527e,False,5c30dd0ce6f6f432aca9a8487960ba277b8032fc9c2f01b5721a957cf233e016,56c1dc9fa089efc10dfb63f592df8bd01a3ce1c9989ace4d438a6a977852e04c
dyn19_temporal_flow_risk_map,tum_walking_xyz,0,complete,2.2096999999999998,0.0,54.421761772,1.0,34,290147,0,pass,14c6b2ca696a7eacda8f193e5c8a0a44e55d527e,False,bf8f7c752e18a0aed8ec763389e662870e27cd90603503c5e5878932cfb6318d,25d67f777c94d58d857fdef4868fa6980d4c5f0faeb153da5e7e7c99f789ae2f
dyn19_temporal_flow_risk_map,tum_walking_xyz,1,complete,2.1393,0.0,54.35676176,1.0,32,309566,0,pass,14c6b2ca696a7eacda8f193e5c8a0a44e55d527e,False,768cb3aa434c3f4df1cab7d17fe905bff52e148c25ce2d8079b1d3a030f3f2a7,40a50bbc6ae94ede4db6adfcae02d730d2a30ca3c768d67dff23ae455c6e7d35
dyn19_temporal_flow_risk_map,tum_walking_xyz,2,complete,2.1042,0.0,56.511102647,1.0,24,260288,0,pass,14c6b2ca696a7eacda8f193e5c8a0a44e55d527e,False,668a43e931d97d10d26fbf39052d60a9c9ebbbb9a3d18cfc31f2095890290bc3,1782f80fbe8415f12b3a252600518487c37e2c26e740ae0b7eece6967d7d5c20
dyn19_temporal_map,bonn_balloon,0,complete,3.6168,0.0,41.304195494,1.0,345,17273734,0,pass,14c6b2ca696a7eacda8f193e5c8a0a44e55d527e,False,4f28e7efea5c4ff5b33fd049b917834940b227825893ac82ea5695197df29f7a,5a894dde95eebf443e5b9b40f5628606214796ec0be2be23ad58e2c885e08467
dyn19_temporal_map,bonn_balloon,1,complete,3.9645,0.0,30.800199524,1.0,344,18649855,0,pass,14c6b2ca696a7eacda8f193e5c8a0a44e55d527e,False,9a5805ac92c5274f9eb4307411511701cd933b2be2f52bb4c48071879004a46a,a7fe8134c1607fea977cc5282dd3a9dc0b05dda7877519b772226f68e423d4ee
dyn19_temporal_map,bonn_balloon,2,complete,3.7083,0.0,30.715236853,1.0,343,16956196,0,pass,14c6b2ca696a7eacda8f193e5c8a0a44e55d527e,False,8ed57fd5e443d0e4703358c4f228c0176466cebfc8303d01ec79a991ffa9bb1f,f7cf6ad1c35298b73955ecdb9a321e80050834211e8ea72cc9aaa29f1f6b22bc
dyn19_temporal_map,bonn_crowd,0,complete,3.3730999999999995,0.1078749,51.413416392,1.0,760,39324394,0,pass,14c6b2ca696a7eacda8f193e5c8a0a44e55d527e,False,de6f32202e1417cabce334a98141f23c07a6a3c549958ce974b14e328bdd9e60,5457ca95742dec84e5fca04297544cd263e90ccb92819c20c997b364b6d091fc
dyn19_temporal_map,bonn_crowd,1,complete,3.3395,0.0,52.906124121,1.0,759,39763176,0,pass,14c6b2ca696a7eacda8f193e5c8a0a44e55d527e,False,61f0683913ad17c01f81497cb2b17a6209dd5e2dc1573dc363e46df66c904b72,b840387f6cbf9db5638dd20900f3147860638d3c9ace83b57f4792cc7e26bd81
dyn19_temporal_map,bonn_crowd,2,complete,3.2537999999999996,0.1078749,50.739671278,1.0,760,38940273,0,pass,14c6b2ca696a7eacda8f193e5c8a0a44e55d527e,False,2849e9c6c57e3efaf3cfc905aadf842608448f7444eb2042c92bde719ee97c7b,e0ace0e8da6b32a4c86267fd7ee669811e91954ba8521f03226e91565e065064
dyn19_temporal_map,bonn_crowd2,0,complete,4.9278,0.0,62.370644992,1.0,854,35741432,0,pass,14c6b2ca696a7eacda8f193e5c8a0a44e55d527e,False,4d7e3a9eae44f4e35bcff4d52841eed037f45a703809a4df59c03947cd040832,626e999e85e321370912b8257d4ad8ee335a7eafe4f50f18a6bc48116d6b46e0
dyn19_temporal_map,bonn_crowd2,1,complete,3.6043,0.0,49.781574013,1.0,854,34341395,0,pass,14c6b2ca696a7eacda8f193e5c8a0a44e55d527e,False,1dc718694e94203ad2f446b719c9d1d98e718d8f6f78da60fa092aef50d98347,38bc484976141080a3b74dfeca7a4514e319c85a01796f52d533475b0b45ead9
dyn19_temporal_map,bonn_crowd2,2,complete,4.0255,0.0,49.594286189,1.0,854,35162072,0,pass,14c6b2ca696a7eacda8f193e5c8a0a44e55d527e,False,30d3a76721f84ffe9a8c8e7a63397e3bb643d97ff08bcdeecf341c2032b302cb,3f6df550e8071ea6be4355b9f588124edc0a66c37231050e938544c8bf900281
dyn19_temporal_map,bonn_crowd3,0,complete,4.1267,0.0,47.081281318,1.0,788,38437174,0,pass,14c6b2ca696a7eacda8f193e5c8a0a44e55d527e,False,584afb3578c9bc6dbb0d8ca0c81a6df5d66da264ae7ad7d7784c52ba9742e2d5,9d12a08d0f2353e98f6a6fc9d12b6cc1a4e675e6c8f5bb1e051cfde698a0b2ee
dyn19_temporal_map,bonn_crowd3,1,complete,5.379,0.0,46.006712951,1.0,789,38440354,0,pass,14c6b2ca696a7eacda8f193e5c8a0a44e55d527e,False,c984d8f3a26ff0376654cf1623ff6e2ede6c00297dd3de6c38ed68b2db30f644,a7402364175f1b2d03b2a4abf98491cf5f4c0135b971b0b7f7e20745b70eddc2
dyn19_temporal_map,bonn_crowd3,2,complete,4.108,0.0,46.570480156,1.0,788,39182417,0,pass,14c6b2ca696a7eacda8f193e5c8a0a44e55d527e,False,96a238a9e28dd50d468701513f89486bb9047ca08ed200aa8071a6c767c83497,d94dfa2b815518f475fef30bb5dab0e2aeaf2f98c43dd050aa476523e4a971ae
dyn19_temporal_map,bonn_person_tracking,0,complete,4.3225,0.0,36.798199611,1.0,531,19513615,0,pass,14c6b2ca696a7eacda8f193e5c8a0a44e55d527e,False,59929a038c3d362cf31a6d12eb199073d2744196771309b8e410eed361bcbe47,dfc0d4299567a9e701783b3d53d77e120039709196d4b053a638d3c671d08302
dyn19_temporal_map,bonn_person_tracking,1,complete,4.5309,0.0,37.392150576,1.0,531,18377612,0,pass,14c6b2ca696a7eacda8f193e5c8a0a44e55d527e,False,72454dd265447898533f203d7ef08f83df161209461eb3ac72ec3a1d84b5dadf,77ee307c38c0cc7bd048ad28cd3ac40e5f182a1f08e3bcc59e0a279549e2da5b
dyn19_temporal_map,bonn_person_tracking,2,complete,4.7604,0.0,37.114394175,1.0,531,18238867,0,pass,14c6b2ca696a7eacda8f193e5c8a0a44e55d527e,False,5542c6562309d9426067c0d1d3c5374515f7832fddf45b9be5b04952f4f81a64,817649cd59aa785916e4bd2f9d51e1ff090233ea2ef8aaf23d0b12f850c2abcb
dyn19_temporal_map,bonn_person_tracking2,0,complete,7.238899999999999,0.0,34.801358272,1.0,508,16241963,0,pass,14c6b2ca696a7eacda8f193e5c8a0a44e55d527e,False,3d58094decaf016c29cad6de12655c9d03f8e3af73467d91a6a4bde7577a335e,09eb58fa242ad801344c69d383ed2da5c1e9992cc609f1f5670e62767d5cde25
dyn19_temporal_map,bonn_person_tracking2,1,complete,13.8462,0.0,36.630280519,1.0,510,18517671,0,pass,14c6b2ca696a7eacda8f193e5c8a0a44e55d527e,False,444a351c3002668024656853a676a3dfd87554ea17ed6d757e0fb15cd992c266,9c23157c41ded5812ecdf0b39f833f70aee41d70e7bc42625795da2208847bf5
dyn19_temporal_map,bonn_person_tracking2,2,complete,7.9766,0.0,34.851050727,1.0,510,17369662,0,pass,14c6b2ca696a7eacda8f193e5c8a0a44e55d527e,False,915cc2d03cc8313c586704209e9baebd9fdfdd9de6531bb792dfc0f56fe6d686,5b79803f36c0ca217040a11169bdfef2090077d0ac35eb385bc4347a95605613
dyn19_temporal_map,tum_sitting_halfsphere,0,complete,2.9874,0.0,59.418977181,1.0,1055,65245411,0,pass,14c6b2ca696a7eacda8f193e5c8a0a44e55d527e,False,fc733c3f79fc9d5bd11240b38f7c03784477967082ccb04eca4ac7ef42d74f34,174c8fa04607ca1e004caf7a9800b0c2aa2a690700bea46a2b69c95ca18246eb
dyn19_temporal_map,tum_sitting_halfsphere,1,complete,2.3716999999999997,0.0,59.980455473,1.0,1055,65435524,0,pass,14c6b2ca696a7eacda8f193e5c8a0a44e55d527e,False,080a7928b704d6697bfa30fdd239227c754bae2dde301115d70d22fd426f8c49,acbf43f47ce2234d297466d5e4e0b59d1bb1b4453ea4b2a4350d63671c5b10c8
dyn19_temporal_map,tum_sitting_halfsphere,2,complete,2.7096999999999998,0.0,60.891228528,1.0,1055,65578873,0,pass,14c6b2ca696a7eacda8f193e5c8a0a44e55d527e,False,378aa714918d04179f13facfe07071b6c5bd90fcd951f3c45da9d3db7eb28dd6,ac4b685e1063b4bb751dbf6c9a3a75106b239e3eb1410403132ce0571c239421
dyn19_temporal_map,tum_walking_halfsphere,0,complete,2.8967,0.0,62.960612523,1.0,994,34559954,0,pass,14c6b2ca696a7eacda8f193e5c8a0a44e55d527e,False,441a8f0fd41bb0dc58ed9d38d63583e2924d843fe9af23073509b0fa713e2248,d96af7fecf24f0d28d1968754d2e7ad61a567d1cf29d26617638fdee40ff6b05
dyn19_temporal_map,tum_walking_halfsphere,1,complete,3.009,0.0,62.434709506,1.0,994,34032536,0,pass,14c6b2ca696a7eacda8f193e5c8a0a44e55d527e,False,95f4ce6f1d522c6a3cc178cbe3e30b7c95c8bdd949fe7d3c26b63df8689de892,b1b6c4a72116ca06524c43905815ad18d62cec99f853665d4dff6f63ce98fac3
dyn19_temporal_map,tum_walking_halfsphere,2,complete,2.9097999999999997,0.0,62.120473451,1.0,995,34973098,0,pass,14c6b2ca696a7eacda8f193e5c8a0a44e55d527e,False,6f79b813e1406d3960fb59a0ae43c21cc88a9ac0d313b5842bd99114b2741d47,dfd465b2f76691389fef0a28cfbd228d31989b2b02084a887f39f1cf0c938f3f
dyn19_temporal_map,tum_walking_static,0,complete,0.941,0.0,39.452378271,1.0,665,22225749,0,pass,14c6b2ca696a7eacda8f193e5c8a0a44e55d527e,False,e0fae37ea8f96e7eccb001ac877241fd73631a567800e934d03e68bd1666f65b,77c65946ad64ad29c7fb424bd95d5a3e7cb8c4425c55f65498d2d3eda6babe81
dyn19_temporal_map,tum_walking_static,1,complete,0.8356,0.0,39.472001482,1.0,665,22750261,0,pass,14c6b2ca696a7eacda8f193e5c8a0a44e55d527e,False,1d1a3d627115bbdd23ddd9bc6c8aecda59e2b716196d0ec945632e606e78d2bc,446f683d79d07aca352f14d670480716d71cdbd18a0678de986ce9109fca530e
dyn19_temporal_map,tum_walking_static,2,complete,0.776,0.0,39.975553811,1.0,665,22801350,0,pass,14c6b2ca696a7eacda8f193e5c8a0a44e55d527e,False,49a347edf86bdccca6af265ebdb978712df673f41cf60ff4f25f6589ca9a09d4,00d86a50a6a47b4cbf245373724170e00404c13156518e2431933222438a45db
dyn19_temporal_map,tum_walking_xyz,0,complete,2.1273,0.0,55.215706442,1.0,794,23963044,0,pass,14c6b2ca696a7eacda8f193e5c8a0a44e55d527e,False,922be429f8d3317f229f3a739df30fca07e9c94e8cbfa1bce54d7853f2641cfd,6e90ba13828b60cb19a0d46fb4e4385ec7bd946f821b5c95bcc08459327b0bbc
dyn19_temporal_map,tum_walking_xyz,1,complete,2.0786,0.0,53.083098021,1.0,794,23424831,0,pass,14c6b2ca696a7eacda8f193e5c8a0a44e55d527e,False,31ab29a33d34ded616d7ba43caaffbd4c77556a8c0deb9535aec1a6d24e1aea1,faba124326a7d4dcea3029e97d17ee576ceb3da4411be2ac097cdc57230aff6c
dyn19_temporal_map,tum_walking_xyz,2,complete,2.0239,0.0,85.631794038,1.0,795,24799202,0,pass,14c6b2ca696a7eacda8f193e5c8a0a44e55d527e,False,ced5e842888f42b8545fc105a03859931f21c9b2a1e4792bd84ef431e21f7ac7,47be4875f7cd1c06686422a67e7795cc11538148d35f1ad25e51efd52ce79921
