ID,FlowParse minimum surface,Sequences / scope,Methods,Evidence status,Source type,Evidence path,Claim boundary / next action
M1,Broad tracking comparison,"TUM fr3/w/xyz, w/half, w/static, s/half",ORB-SLAM3; Dyna-SLAM; NICE-SLAM; ESLAM; RoDyn-SLAM; SplaTAM; GS-SLAM; GassiDy; DGS-SLAM; Photo-SLAM; DyPho-SLAM; DYN-19 variants,complete-source-labeled,external-report + local-rerun,paper/dyn19_v6/dypho_style_assets/data/table1_tracking.csv,External rows are not protocol-matched and are excluded from local aggregate claims.
M2,Module ablation on w/xyz and w/half,TUM fr3/w/xyz and w/half; seeds 0/1/2,Semantic; MapMatched; T+M; T+F+M; T+F+R+M; Full; Full-NoM,complete-local,local-rerun,paper/dyn19_v6/dypho_supplemental_assets/data/table2_ablation.csv,"Ordered configurations, not a factorial component-effect estimate."
M3,Current-method quantitative mapping,4 scenes x 3 seeds x 3 configs x 2 pose modes; common views,DYN-19 Semantic; MapMatched; Full,complete-local-diagnostic,diagnostic,paper/dyn19_v6/dypho_style_assets/data/table2_mapping.csv,Static-region PSNR/SSIM diagnostic; not universal mapping superiority.
M4,Local baseline tracking,"Protocol-300: fr3/w/xyz, fr3/w/half, Bonn ps_track, Bonn r3",SplaTAM; Photo-SLAM; DynaGS semantic; historical Ours,complete-historical-local,local-rerun + failed-boundary,/home/slam/experiments/dypho_skill_full_rerun_20260729/metrics/protocol300/tables/table1.csv,"Seed 0 and 300 frames only; historical Ours is a failed-boundary ablation, not DYN-19 Full."
M5,Local baseline mapping metrics,Protocol-300 full-frame frozen-pose diagnostic,SplaTAM; Photo-SLAM; DynaGS semantic; historical Ours,complete-historical-diagnostic,diagnostic + failed-boundary,/home/slam/experiments/dypho_skill_full_rerun_20260729/metrics/protocol300/tables/table2.csv,Dynamic foreground is included; do not claim static-map superiority.
M6,Qualitative mapping comparison,"4 rows x 5 columns: input, SplaTAM, Photo-SLAM, mask-only, historical Ours",SplaTAM; Photo-SLAM; Photo-SLAM mask-only; historical Ours,complete-historical-package; current-method-cell-missing,local-render + failed-boundary,/home/slam/experiments/dypho_skill_full_rerun_20260729/figure_evidence_protocol300_v2/page_manifest.json,20 real 640x480 panels exist. A co-registered DYN-19 Full row is still required for a current-method Fig.4 claim.
M7,Broad runtime comparison,Source-reported mixed hardware plus local DYN-19 E2E,11 published rows; DYN-19 Full,complete-source-labeled,external-report + local-rerun,paper/dyn19_v6/dypho_supplemental_assets/data/table3_runtime_broad.csv,"Descriptive only; hardware and timing scopes differ, and DYN-19 has no tracking/mapping split."
M8,Local baseline runtime,Protocol-300 end-to-end wall time,SplaTAM; Photo-SLAM; DynaGS semantic; historical Ours,complete-historical-local,local-rerun + failed-boundary,/home/slam/experiments/dypho_skill_full_rerun_20260729/metrics/protocol300/tables/table3.csv,Comparable within Protocol-300 only; historical Ours is not DYN-19 Full.
M9,Current DYN-19 Full vs local SplaTAM/Photo-SLAM package,One co-registered tracking/mapping/runtime/Fig.4 package,DYN-19 Full; SplaTAM; Photo-SLAM,missing-current-method-cell,planned local-rerun,not yet registered,Run or render DYN-19 Full under the frozen baseline package; do not relabel the historical failed-boundary Ours row.
